ORG_ID,ORG_NAME,ORG_ADDRESS,ORG_CITY,ORG_CONTACT,ORG_RATING,ORG_TOTAL_SALES
1,Voomm,1105 Hintze Court,Gordeyevka,Dre Emmins,3,4889.14
2,Yotz,90 Crest Line Avenue,Błonie,Ferdie Buscher,5,6857.66
3,Skaboo,3928 Hoepker Crossing,Qŭshkŭpir,Kaile Saile,2,383.76
4,Twitterworks,471 Fremont Circle,Patea,Valentin Mayor,3,942.15
5,Oba,022 Bunting Road,Paseyan,Berton Wallman,0,9165.02
6,Jayo,1549 Sunfield Drive,Vagonoremont,Stanford Haydney,1,9488.16
7,Roombo,6 Norway Maple Plaza,Tosno,Malena Derrick,5,7459.79
8,Bubblemix,52082 Miller Pass,Jingcheng,Blakeley Ryce,1,5899.12
9,Meejo,1 Union Drive,Jukui,Flossi Itzhayek,0,7954.02
10,Chatterbridge,82510 Vernon Avenue,Donglu,Aidan Smissen,4,4013.27
11,Oyoba,44174 Hazelcrest Alley,Vilya,Lazar Timson,4,1961.78
12,Eire,0232 7th Way,Šestajovice,Padget Marunchak,3,2441.13
13,JumpXS,35819 Hallows Circle,Banos,Lorrin Finney,0,4082.54
14,Feedmix,71697 Banding Parkway,Pohrebyshche,Dulcie Seson,3,8422.51
15,DabZ,882 Village Point,Sintansin,Claudelle Greally,3,7475.55
16,Layo,35 Debra Street,Gravelbourg,Ali Burlingham,1,3650.29
17,Divanoodle,3 Del Mar Circle,Denov,Jens Craigg,4,9793.93
18,Cogilith,967 Burning Wood Crossing,Mawa,Welbie Leupoldt,2,6475.81
19,Yoveo,4082 Forster Alley,Kurumkan,Lib Glassman,2,4878.31
20,Realblab,6 Londonderry Terrace,Oepula,Alford Tipton,4,2368.46
21,Flashdog,54302 Magdeline Park,Yangmadao,Barbabas Spurway,4,9610.43
22,Kwimbee,90 Cambridge Pass,Lysekil,Ina Barter,3,4585.14
23,Jaxworks,23 Rieder Terrace,Maisons-Laffitte,Jazmin Dudin,1,9113.00
24,Voolith,94898 Logan Center,São João de Caparica,Glynnis Chell,2,3109.27
25,Voonder,9 Sunfield Point,Ugljevik,Bondon Muehler,4,5973.47
26,Quatz,43120 Jay Circle,Lantera,Jinny Lanchberry,3,6333.60
27,Voolith,09553 Mcbride Avenue,Jenamas,Nanice Kerrich,3,7515.95
28,Oyonder,723 Iowa Point,Jinan-gun,Al Grushin,2,1458.46
29,Dabshots,15575 Fremont Road,Drezdenko,Quentin McElane,1,7733.75
30,Meevee,311 Kinsman Center,Alimono,Kele MacAfee,3,9920.96
31,Devbug,373 Bobwhite Alley,Breia,Fannie Charlotte,2,7861.43
32,Plambee,37 Anzinger Trail,Qiaotou,Nevil Cobbald,4,3297.35
33,Wikivu,297 Bobwhite Road,Cabalaoangan,Jarvis Gewer,4,6207.43
34,Zoonder,735 Portage Drive,Dunhou,Shina Jefferies,4,7539.71
35,Livetube,84077 Ridgeway Center,Barvinkove,Kristofor Jorczyk,1,149.86
36,Brightdog,50 Village Green Road,Heyin,Lynn Bott,0,3248.30
37,Eire,485 Lakewood Pass,Petit Raffray,Bord Dyche,0,6527.15
38,Wikizz,9 Lakewood Alley,Idenao,Zaccaria Mandifield,4,5966.40
39,Fivechat,427 Express Point,Tabira,Dynah Kindley,4,1755.22
40,Vipe,0174 Spohn Terrace,Amaraji,Chadd Buckett,3,1264.46
41,Feedmix,499 Anniversary Point,Quebradas,Arman Rumgay,2,2119.73
42,Rhycero,12 Westport Trail,Lobitos,Vaughn Turtle,2,2667.06
43,Kazu,7226 Anzinger Alley,Panawuan,Pauli Arnold,2,4532.75
44,Roombo,3 Elgar Center,Palos,Hy Mowson,1,2755.65
45,Yotz,7 Anthes Point,Springfield,Lilla Close,3,5706.44
46,Skyvu,8 Rigney Hill,Maswarah,Chaim Bownas,4,2462.47
47,Tagcat,5984 Pennsylvania Crossing,Capacmarca,Layla Wingeat,3,6965.24
48,Trilith,09 Daystar Drive,Nangerang,Bobbie Norcock,2,2545.34
49,Dynazzy,37 Express Park,Pithári,Moyra Fudger,4,4337.06
50,Edgeify,5 Doe Crossing Center,Międzyzdroje,Fanchon Lowdes,4,1820.51
51,Blogpad,99 Basil Parkway,Les Abymes,Moreen Derell,4,5938.69
52,Yakijo,4 Northfield Lane,Horgo,Hilario Boulstridge,1,4556.28
53,Skajo,41 Lyons Terrace,Log pri Brezovici,Reginald Gold,1,9493.09
54,Tanoodle,0 Fuller Park,Novomoskovsk,Fabien Lavington,0,2453.93
55,Jabberbean,89520 Hallows Road,Liverpool,Harriet Avrashin,5,306.15
56,Oyondu,44335 Crownhardt Avenue,Dalamdesa Kalapadua,Welsh Bushe,5,81.33
57,Oyondu,3818 Sommers Way,Whitehorse,Andrej Petraitis,3,178.95
58,Voolith,284 Dorton Circle,São José de Mipibu,Arlin Broodes,3,7411.35
59,Yambee,5396 Clemons Alley,Dasha,Dale Coldwell,5,3803.81
60,Pixope,907 Beilfuss Point,Maluso,Charlot Golly,4,6241.89
61,Meevee,9304 Mayer Street,Albany,Yvonne Bakewell,3,5870.91
62,Eidel,7 Eagan Way,Phước An,Lowrance Dicte,2,8904.82
63,Jabberstorm,95741 Linden Center,Diamante,Garvey Faint,2,5381.78
64,Youspan,402 Parkside Parkway,Safi,Bambie Beswetherick,3,3295.01
65,Jabbersphere,8 Daystar Place,Saḩab,Gennie Lucien,0,4769.96
66,Oyonder,4 Badeau Hill,Uva,Moises Woolcocks,1,9230.35
67,Linklinks,1452 Continental Street,Huxingshan,Aurore Thumim,4,4082.65
68,Skaboo,9 Morrow Terrace,Duvergé,Britney Hyslop,4,3326.21
69,Youspan,836 Mitchell Parkway,Maanĭt,Jard Wharton,4,6117.56
70,Realbuzz,6634 Pine View Way,Talakag,Hanna Heball,1,635.34
71,Blogspan,59 Glacier Hill Drive,Vil’nyans’k,Estel Blundan,5,9315.74
72,Ntag,0 Surrey Point,Agen,Lev Florez,5,1067.02
73,Dablist,51772 Becker Street,Ash Sharyah,Reggy Raggett,1,6084.69
74,Skiptube,22831 Oneill Hill,Muang Pakxan,Findlay Patel,2,6010.01
75,Dazzlesphere,847 Lerdahl Center,Mansilingan,Farra Quemby,4,6374.79
76,Dabvine,312 Havey Parkway,Gračec,Kelley Seekings,4,3787.19
77,Katz,1 Packers Point,Yebaishou,Ranna Arnaudet,0,5203.80
78,Tazz,7400 Starling Point,Logroño,Zack Gladwin,2,675.58
79,Brainlounge,3 Brickson Park Center,Mashava,Kelwin Derby,2,5926.59
80,Twitterlist,91 Cody Center,Mafra,Adolpho Traves,5,5183.47
81,Skibox,46 Cody Center,Yūki,Iolanthe Gunby,2,4149.62
82,Zoozzy,240 Burrows Point,Borucin,Hermione Bloss,1,864.91
83,Meevee,236 Summit Street,Charlotte,Elonore Brislan,0,4990.40
84,Npath,7139 Lindbergh Place,Simo Satu,Glory Torra,0,288.20
85,Riffwire,49 Wayridge Parkway,Nangerang,Keeley Tabourel,2,769.76
86,Yakijo,1 8th Hill,Soledad,Mercie Rawlins,3,807.43
87,Skaboo,970 Ohio Park,Bulacnin,Ingra Durdle,1,4563.64
88,Dynazzy,78 Shopko Terrace,Muurla,Ofella Etherson,1,2441.94
89,Yambee,1 Buhler Alley,Firminópolis,Nowell Bilbrey,5,3187.74
90,Jabbersphere,7 Macpherson Center,Selkirk,Stirling Selly,4,7121.82
91,Brainverse,79054 Summerview Road,Dārayyā,Inna Lackie,1,3008.34
92,Realbridge,69 Village Drive,Bilar,Ester Bondar,2,9179.18
93,Linkbuzz,34261 Kipling Drive,Norrköping,Krispin Stidworthy,4,2244.62
94,Wordify,8165 Arapahoe Trail,Lugouqiao,Oberon Tomaini,4,3692.39
95,Kimia,6 Michigan Alley,Kerasochóri,Sherie Allport,3,630.39
96,Kazio,1505 Center Junction,Sorochinsk,Tasha Linscott,4,5187.46
97,Eabox,6335 Annamark Alley,Penja,Pietrek Southey,5,4730.99
98,Midel,50671 Debra Road,Anjani Barat,Colet Boland,2,9893.40
99,Thoughtsphere,6031 Summit Pass,Muravlenko,Phillida Creek,5,2807.41
100,Jabbercube,493 Northport Parkway,Terjan,Natal Noweak,3,448.15
101,Podcat,8699 Maple Wood Drive,Klokot,Winnah Braddock,3,3751.26
102,Lazzy,308 North Park,Le Mans,Ailee Sibbson,3,1990.27
103,Gevee,72 Forest Run Trail,Nashtā Rūd,Emylee Caccavale,2,9013.96
104,Lazzy,56939 Upham Avenue,Uritsk,Reynard Westbrook,0,6859.57
105,Latz,9 Walton Drive,Julcamarca,Stephani Van der Velden,4,803.97
106,Lajo,08 Mendota Alley,Tanjungluar,Guss Ilchenko,2,4180.60
107,Voonder,499 Arapahoe Junction,Sukpak,Jedd Greenman,4,6534.03
108,Bluezoom,513 4th Place,Gardawice,Hebert Yarnton,1,3713.21
109,Brainsphere,00 Mandrake Trail,Berón de Astrada,Thia Smithson,3,6570.22
110,Skaboo,148 Northland Terrace,Havirga,Francis Goldson,4,1261.17
111,Reallinks,7827 Mitchell Drive,Anzihao,Grove Graysmark,4,8625.11
112,Minyx,9 Stoughton Pass,Wan’an,Jeane Branston,2,3693.40
113,Yadel,8251 Mandrake Trail,Napierville,Daniel Yarwood,3,2292.46
114,Jetpulse,0203 Norway Maple Drive,Pélla,Ulrike Konneke,0,774.05
115,Dabshots,17653 Monterey Street,Nueve de Julio,Danica Stennings,1,6129.79
116,Ainyx,5 Kingsford Circle,Minas de Matahambre,Menard Pittel,4,7745.55
117,Oba,145 Shelley Circle,Mrągowo,Mercedes Tatershall,3,7252.42
118,Layo,13 West Street,Dafengdui,Jillie Gallagher,4,7594.52
119,Linklinks,363 Pepper Wood Road,Zgornje Gorje,Malia Relfe,2,6022.00
120,Plambee,3262 Warrior Way,Petrodvorets,Lonnie Heckner,3,9627.01
121,Meejo,56 Alpine Hill,Yayva,Celene Cappell,4,2147.84
122,Mynte,69 Westend Drive,Yuto,Heywood Mungan,4,5671.23
123,Aivee,3 Aberg Road,Ronggo,Lucila Andersch,5,6367.91
124,Wikibox,31 Spenser Drive,Chengshan,Ebenezer Crawford,0,7968.76
125,Abatz,5628 Bunting Pass,Aegela,Rozelle Matthewman,4,5472.53
126,Trupe,2921 Kingsford Court,Luo’ao,Imogene Chadwin,3,3526.26
127,Dabshots,73 Corscot Avenue,Bang Ban,Tibold Holley,5,8344.33
128,Fivebridge,301 7th Center,Rawasan,Gerri Ottawell,0,2460.47
129,Jabbersphere,39 Lakewood Gardens Avenue,Muslyumovo,Vladimir Veregan,3,1537.63
130,Gabcube,00209 Prairieview Street,Santo Niño,Hazel Cicetti,1,8633.91
131,Yodoo,369 Summer Ridge Plaza,Magallanes,Pace Andrault,1,8740.76
132,Quaxo,1056 Dawn Park,Izumo,Anthia Kamena,0,4866.29
133,Mynte,4 Waxwing Court,Fès,Deedee Kleinplac,2,7948.23
134,Flipstorm,832 Center Parkway,Plaisir,Ciel Avis,5,1968.48
135,Browsecat,12 Lighthouse Bay Crossing,Szklarska Poręba,Far Jaan,3,1427.93
136,Topiczoom,188 Meadow Ridge Avenue,Ninh Giang,Peyton McSporon,0,1081.90
137,Digitube,55885 Melvin Drive,Musawa,Zacharia Swatheridge,3,3308.69
138,Rhynoodle,0250 Northfield Crossing,Ozerki,Fanechka Power,0,8739.64
139,Divanoodle,9 Annamark Plaza,Cova Figueira,Northrop Bowles,1,2493.40
140,Eabox,56 School Point,Intibucá,Niel Gallaher,1,2296.43
141,Topiczoom,45 Westport Avenue,Nizwá,Cobb Forcer,1,1614.30
142,Rhyloo,7 Farwell Plaza,Józefosław,Dode Sayer,3,1796.37
143,Midel,196 Moulton Place,Alabat,Vilma Gascoigne,5,8240.04
144,Gabtype,55 Cottonwood Hill,Žatec,Chevy Pottinger,3,6054.29
145,Yombu,677 Laurel Terrace,Monte-Carlo,Tedi Screase,2,6285.65
146,Thoughtbeat,77 Morrow Junction,Har-Us,Berne Arkil,3,9324.47
147,Tagchat,35 Aberg Place,Tegalheras,Nathaniel Leworthy,3,9174.69
148,Kayveo,75 Trailsway Parkway,Pringgabaya,Chan Oakwood,0,8079.82
149,Oyoba,5 Twin Pines Point,Pristina,Nevin Tearle,2,502.41
150,Zoomzone,3 Graceland Drive,Wushan,Ailyn Martignon,3,9250.23
151,Riffpedia,79 Chive Pass,Hongjiaguan,Jean Ugolotti,4,2808.22
152,Plajo,730 Hudson Trail,Jianghua,Shurlocke Hastilow,3,8670.70
153,Jazzy,015 Annamark Point,Pagaden,Neron Zimmermeister,4,9227.89
154,Skimia,778 Monument Plaza,Dingzhai,Joleen Fuchs,3,447.53
155,Ainyx,20 Ridgeview Court,Châtellerault,Abe Loxdale,2,2921.18
156,Divape,197 Leroy Center,Staryy Krym,Keith Catford,1,4507.39
157,Innotype,67 Sherman Court,Liulin,Malanie Buff,2,4237.10
158,Avamba,68881 Granby Center,Huotong,Sibylla Naden,5,8651.98
159,Topicstorm,0225 Kennedy Point,Shihuiqiao,Kearney Gaspar,5,6291.16
160,Skivee,28 Hagan Junction,Haridimun,Frederico Chaytor,4,3134.13
161,Gevee,22 Lindbergh Street,Magoúla,Fidel Waldren,1,9423.09
162,Skaboo,6421 Fisk Drive,Garibaldi,Maurita Hanton,3,7729.87
163,Yozio,8 Roxbury Crossing,Unión,Anjanette Comsty,0,9771.15
164,Photolist,34468 Eastlawn Avenue,Limen,Christoper Ogglebie,3,3693.29
165,Mynte,362 Jenifer Plaza,Karadaglije,Chelsae Gryglewski,4,7703.05
166,Roodel,927 Eastwood Alley,Lille,Steffen Santo,1,3228.00
167,Flashdog,39 Susan Plaza,Kunčice pod Ondřejníkem,Shadow Shaughnessy,1,6859.38
168,Avavee,86796 Judy Junction,Bogale,Arvin Gauch,5,6065.35
169,Avamba,48 Green Crossing,Varėna,Belita Huthart,3,3853.44
170,Realbridge,05575 Walton Lane,Minneapolis,Norry Woolford,3,8994.66
171,Digitube,9124 Independence Way,Kināna,Angel Farncombe,3,2949.73
172,Centimia,182 8th Avenue,Sacramento,Liza Gouthier,2,72.92
173,Avavee,6273 Springview Hill,Muli,Emmeline Cullingworth,4,9215.32
174,Jetpulse,4195 Pond Avenue,Suwaru,Monah Hebbs,2,4736.36
175,Feedbug,962 Clarendon Drive,Dallas,Jeannette Mintram,0,255.80
176,Vimbo,69689 Arapahoe Trail,Rossosh’,Naoma McElvine,1,49.16
177,Oyoloo,65217 Monterey Terrace,Nowe,Tonnie Grissett,0,2382.57
178,Quimba,60072 Oxford Drive,Yaodian,Bonny Edelheid,4,1255.72
179,Babblestorm,8 Atwood Point,Ferapontovo,Florry Chainey,5,3375.13
180,Bubblemix,4 Armistice Way,Čapljina,Sutherland Grzegorzewski,4,9686.95
181,Jatri,71678 Loeprich Street,Denver,Jae Charker,2,1646.65
182,Centimia,9 Moulton Way,Neftçala,Angeli Damrell,0,9949.58
183,Realcube,9415 Sachs Way,Železnice,Farr Shrimplin,3,3419.40
184,Livetube,0 Ronald Regan Pass,Shengci,Sergio Godlee,5,4299.27
185,Zoomzone,53 Blaine Street,Parys,Earlie Faich,2,2627.45
186,Eidel,67 Homewood Street,Suibara,Amii Dinneen,4,4556.33
187,Twitterbeat,93929 Bowman Trail,Ballybofey,Gasparo Gadd,4,5263.60
188,Shufflester,39 Merchant Point,Trosa,Dallas Hannam,5,2372.39
189,Kimia,1501 Cherokee Hill,Kolbudy,Nikolia Wimbridge,1,6479.28
190,Photolist,7 Arrowood Terrace,Chongxian,Ric Challicombe,0,6475.62
191,Shuffledrive,18 Clemons Crossing,Kalidung,Tiena Colrein,2,3751.09
192,Gabvine,494 Dayton Way,Pilang,Darci Sharpus,4,4257.09
193,Demivee,819 Mayer Place,Bijeli,Morton Ahrendsen,1,9277.33
194,Dynazzy,7 Lake View Terrace,Santa Rita,Hyacinth McCallister,4,4771.03
195,Edgeify,13368 Heffernan Center,Själevad,Kalila Sexty,3,8017.25
196,Zooveo,16 Talmadge Plaza,Villaviciosa,Yasmin Oddey,5,1760.29
197,Zooveo,71794 Forest Dale Point,Datangzhuang,Vito Shackel,1,5887.12
198,Dynava,606 Warbler Center,Rozwadza,Ollie Fordyce,2,8522.15
199,Quinu,0 Lukken Center,Itapuí,Elke Shurman,1,98.70
200,Dynabox,148 Alpine Hill,Rochester,Derick Hyder,2,9606.17
201,Brainbox,27 Meadow Valley Park,Fengshan,Janel Di Pietro,2,1694.66
202,Skinder,18215 Heath Point,Sugihan,Nadia Chiplin,0,4776.63
203,Riffpath,08115 Macpherson Pass,Kebonan,Mable Elcom,1,6000.83
204,Trilia,53 Farwell Avenue,Landvetter,Holmes Carlo,2,8484.02
205,Vinder,63 Haas Road,Altan-Ovoo,Nadiya Lowthian,0,1302.08
206,Devpulse,2591 Vahlen Center,Puget-sur-Argens,Natalie Battson,1,6233.80
207,Skynoodle,720 Bluestem Junction,Gizałki,Frederick Chern,3,3793.38
208,Riffpedia,89 Corben Way,Chóra,Archambault Mulroy,1,1823.87
209,Demivee,8 Eliot Street,Abucayan,Deny Musso,1,2199.54
210,Muxo,867 Starling Plaza,Ostaszewo,Gian MacCarlich,5,5374.57
211,Meeveo,59 Melrose Place,Nueva Guinea,Ulick Neylon,4,6720.01
212,Kimia,512 Aberg Park,Nong Ki,Clary Tease,5,4086.56
213,Plajo,8 Little Fleur Trail,Mpongwe,Amby Flageul,4,4995.75
214,Ntags,29 Forest Street,Sison,Sibeal McGrowther,3,7611.45
215,Brainverse,00178 Granby Road,Atuntaqui,Dominica Josey,4,5760.92
216,Leenti,25 Charing Cross Place,Huanggang,Callie Onele,3,6797.45
217,Oyoyo,099 Kinsman Court,Tiancheng,Lev Beeson,1,4561.75
218,Voonyx,8 Steensland Crossing,Mahaplag,Skipton Birtwisle,3,2920.72
219,Zooxo,78 Menomonie Alley,Posedarje,Carrol Stickel,4,5140.10
220,Latz,06594 Lake View Parkway,Batudulang,Constantia Gosswell,1,5647.50
221,Skinder,04326 Elka Alley,Ruyigi,Tye Tomaschke,3,5523.07
222,Jayo,3485 Walton Avenue,Sankanan,Basia Worrall,0,4784.09
223,Fliptune,40275 New Castle Lane,Druya,Gavin Deviney,3,332.12
224,Blogspan,079 North Trail,Tlogowungu,Rosmunda Brayn,4,3281.07
225,Fiveclub,64835 Birchwood Drive,Heling,Jerry Greasty,4,7649.70
226,Skidoo,79948 Badeau Crossing,Rengat,Richmond Macoun,2,2837.97
227,Abata,63668 Schlimgen Terrace,Xilin,Cristie Polet,0,3055.02
228,Dynabox,36 Sugar Court,Pueblo Nuevo,Francisco Lunney,2,6336.15
229,Voonder,6 Meadow Ridge Lane,Muikamachi,Jacklin Sewill,1,4545.51
230,Ntags,29 Green Crossing,Qishn,Cody Flament,2,8034.84
231,Kayveo,71856 Forest Court,Kasamwa,Gwendolyn Lattimer,5,4265.21
232,Dazzlesphere,38 Schlimgen Terrace,Ramalhal,Darline Sreenan,2,794.93
233,Cogidoo,0 Thompson Junction,Guanlu,Bartolomeo MacGahey,2,5500.76
234,Buzzshare,94666 Dawn Road,Sosnovka,Dillon Semorad,3,954.40
235,Kwideo,19 Colorado Trail,Orléans,Charlena Lissandri,4,9583.60
236,Rhynoodle,99 Hoepker Street,Krousón,Oralie Paunton,4,848.12
237,Yombu,657 Beilfuss Terrace,Parengan,Crysta Benedidick,5,999.92
238,Fivebridge,6361 Dixon Circle,Padova,Mel Salman,4,9881.11
239,Buzzdog,93111 Hintze Junction,Andongwei,Konstanze Couchman,4,9237.72
240,Dazzlesphere,35832 Cottonwood Pass,Saint-Jouan-des-Guérets,Kacy Djekic,0,174.81
241,Twimbo,761 Hoard Street,Cikou,Estelle Gamblin,2,2375.21
242,Edgeblab,9 Bellgrove Hill,Wang Nam Khiao,Emmy Littell,0,3938.76
243,Twitternation,246 Annamark Junction,Vitória,Nikos Odde,2,9827.70
244,Kare,61953 Susan Plaza,Lynn,Atlanta Kydd,4,2451.75
245,Vidoo,86411 Riverside Parkway,Aricagua,Norrie MacColgan,0,8386.58
246,Lazz,5 Florence Drive,Gävle,Demetris Gwinnel,4,6886.94
247,Dabtype,1682 Anhalt Road,Werasari,Cheri Matterface,2,9135.83
248,Kanoodle,1372 Moland Hill,Tarīm,Elvera Rewbottom,5,482.25
249,Eare,32457 Independence Avenue,Beizi,Giselbert Andrick,0,7305.20
250,Feedfish,98 Grasskamp Point,Verrettes,Angy Anderton,3,291.75
251,Blognation,8302 Magdeline Lane,Minusinsk,Noble Kunkler,5,7767.51
252,Ainyx,40 Pepper Wood Pass,Saint-Louis du Nord,Almeda Creane,1,2204.52
253,Yambee,69967 Carey Trail,Cha’anpu,Alexia Yeandel,0,6721.68
254,Skyba,693 Brentwood Lane,Muting,Smith Eliyahu,2,1379.11
255,Trilia,17 Annamark Court,Guicheng,Kennett Dragoe,5,6629.42
256,Wikibox,9 Schmedeman Road,Golomunta,Gayle Bucksey,5,7061.96
257,Camido,783 Nancy Court,Lasi Dua,Peria Shutt,4,8732.98
258,Gabtune,199 Schiller Junction,Břasy,Briana Pfaff,4,5847.18
259,Babblestorm,518 Oak Drive,Qaxa,Bryant Broggetti,4,7423.17
260,Twinder,9 Fairfield Road,Izumi,Urbain Yakobowitch,3,2787.29
261,Quatz,25 Roth Hill,Trawniki,Madelon Orred,3,5417.08
262,Skynoodle,6187 Mayer Point,Dukuhsia,Caroljean Jerome,1,1392.30
263,Wikizz,62087 Oakridge Point,Bailadores,Win Carl,3,3841.51
264,Innotype,4501 Lawn Alley,Linjiang,Albie Farbrace,5,6888.49
265,Trunyx,04 Ridgeview Way,Longgang,Itch Ruoss,5,2788.39
266,Cogidoo,34771 Bluestem Junction,Mora,Chloette Sterrie,2,6728.10
267,Mydeo,275 Jenifer Lane,Gunjur,Cletis Gobbett,0,2272.93
268,Edgeblab,7426 Meadow Valley Drive,Maymana,Theodoric Wyper,5,2298.26
269,Tekfly,5 Grim Court,Birštonas,Mallissa Cassell,3,8940.69
270,Zoonoodle,978 Rusk Drive,Emar,Silas McGruar,3,2029.45
271,Shuffletag,775 Kipling Circle,Yelizavetinskoye,Angelle Noen,4,3358.24
272,Meevee,90161 Mallory Alley,Sukadana Selatan,Susanna Gerardot,1,3809.45
273,Flashpoint,35093 Hauk Terrace,Longhuashan,Keefe Askem,2,4173.12
274,Youbridge,95465 Nova Plaza,Zwierzyń,Solomon Coatman,4,698.56
275,Skippad,1 Vidon Road,Iiyama,Pavlov Barthel,1,9908.71
276,Quatz,48665 Lakeland Trail,Jorowaru Daya,Frederique Barlow,1,216.07
277,Gigaclub,0 Lindbergh Junction,Busuanga,Jule Wey,3,1005.17
278,Zoombox,2 Glacier Hill Center,Lichengdao,Clara Lalevee,5,4203.60
279,Wikibox,120 Fieldstone Circle,Miskolc,Jacinthe Seivertsen,0,1433.99
280,Katz,817 Arrowood Park,Malax,Isis Braybrooke,2,7893.19
281,Realbridge,23 Buhler Court,Domoni,Lesley Reedick,1,8628.67
282,Jatri,497 Graceland Junction,Orneta,Twila Wrightham,4,3645.15
283,Teklist,25 Vernon Hill,Tangjiapo,Fredrika Overill,1,943.21
284,Geba,28002 Bluejay Pass,Pangpang,Velma Charville,2,2907.21
285,Skivee,483 Parkside Circle,Damulog,Den Longstreet,3,154.46
286,Plajo,08287 Granby Center,Al Maḩallah al Kubrá,Kelli Shurman,4,9381.10
287,Skimia,4 Clyde Gallagher Center,Guia,Georgianna Foulkes,4,4939.59
288,Jabbersphere,4 Graedel Center,Ganhe,Roseann Pascow,0,3430.68
289,Edgetag,4210 Canary Parkway,Baruunsuu,Wanids Whorton,4,4844.04
290,Tagopia,3 Tennyson Pass,Baiyan,Anthea Wennington,4,9073.64
291,Reallinks,76 Northfield Way,Banturkrajan,Wain Billinge,5,7021.90
292,Rhyzio,8139 Dakota Hill,Pedra Azul,Cobby Machin,1,1305.76
293,Innotype,11 Killdeer Junction,Pantanal,Bank Longwood,1,6196.50
294,Miboo,424 Shoshone Trail,Gushui,Guinna Proudlove,1,9189.93
295,Mymm,86 Spaight Parkway,Wengang,Remington Wellbeloved,4,51.02
296,Fiveclub,8413 Mosinee Center,Xiting,Juieta Ommundsen,3,3349.95
297,Meevee,077 Ronald Regan Street,Sloboda,Clemence Vegas,3,5838.99
298,Dablist,49 Green Ridge Lane,Saint-Étienne,Zoe Dreigher,4,7880.58
299,Livepath,21741 Fordem Avenue,Hanfeng,Marie Crunden,4,7401.57
300,Jetwire,04968 Glendale Point,Montauban,Lynna Gozzett,3,1020.97
301,Oyoloo,00 Daystar Crossing,Nilópolis,Isobel Drewery,5,6993.36
302,Skipstorm,257 Columbus Avenue,Vale de São Cosme,Deeanne Reinger,2,7874.08
303,Skajo,3 Springview Drive,Fazhan,Joby Kear,4,1723.63
304,Wikizz,9222 4th Road,Tafraout,Loren Ings,2,5319.07
305,Twimm,236 Tomscot Plaza,Chotcza,Margeaux Thiem,1,8603.04
306,Oyondu,73 Surrey Road,Xilai,Sheilakathryn Brimmicombe,1,9037.54
307,Yakitri,4055 3rd Circle,Dole,Nerita Emmens,1,6337.48
308,Skiba,652 Talmadge Pass,Ngembel,Carleton Tournie,4,811.54
309,Demimbu,17570 Thierer Circle,Candelaria,Mallory Pattison,3,6810.36
310,Oozz,772 Hazelcrest Avenue,Pleven,Timmy Videan,2,1499.03
311,Skipstorm,16211 Northridge Crossing,Sivaki,Claudie Ciobotaru,4,4241.34
312,Eabox,2 Hanson Court,San Bautista,Neill Littler,1,9747.95
313,Mydeo,91887 Badeau Court,Lazdijai,Beaufort Banbrick,0,5114.36
314,Eayo,09 Forster Circle,Aghavnadzor,Larry Jerrim,4,3746.11
315,Dazzlesphere,88241 Old Gate Lane,Toledo,Lisha Snooks,5,4046.00
316,Youspan,3416 Burning Wood Center,Palma De Mallorca,Sergei Fenge,1,993.34
317,Yombu,595 Blackbird Center,Wadungasri,Diahann Coram,4,5159.17
318,Skimia,7144 Jenna Way,Zipaquirá,Odetta Fordy,3,1676.19
319,Skalith,65 International Way,Sukorejo,Pauline Worland,1,2098.10
320,Linktype,9654 Alpine Trail,Bawshar,Locke Allworthy,2,5612.06
321,Skaboo,9597 Kingsford Hill,Lincoln,Blanche Schild,4,7542.79
322,Realmix,397 Huxley Center,Krajan Bejagung,Eliza Ryles,5,8937.62
323,Buzzster,5538 Vernon Plaza,Cipeundeuy,Tobiah Bridson,4,4594.32
324,Jaxworks,308 Blackbird Hill,Citundun,Alix Fairholme,4,5133.84
325,Skaboo,3 Red Cloud Avenue,Mengla,Mara Grinnov,5,5661.88
326,Babblestorm,9323 Lakewood Court,Aḑ Ḑil‘,Genovera Jandac,1,8693.57
327,InnoZ,31316 Blaine Street,Los Córdobas,Bebe Hobble,1,2057.62
328,Ntag,5 Clyde Gallagher Alley,Brody,Erika Locock,5,4023.97
329,Gigashots,33 Morrow Circle,Zheleznovodsk,Carlee Yve,3,1238.18
330,Thoughtworks,8628 Katie Street,Santa Venera,Moll Johanssen,0,818.02
331,Eayo,63258 Columbus Park,Chatou,Ferrel Harvett,3,6114.26
332,Innotype,10 Sundown Park,Palhoça,Andee Nerheny,1,2776.64
333,Bluejam,0 Dunning Alley,Kovilj,Jenn Lethem,5,4350.19
334,Edgewire,3241 Lien Lane,Nemby,Gerardo Spenton,1,2315.08
335,Oyonder,9840 Blackbird Way,Norsborg,Bruno Gooley,2,7744.21
336,Brightdog,99 Elka Drive,Eadestown,Graham Lube,2,9879.02
337,Miboo,85693 Badeau Center,Mweka,Karyl Umpleby,4,5228.68
338,Blogtags,9 Emmet Lane,Sidomulyo,Gaynor Coneley,0,6665.93
339,Ntag,44 Carpenter Lane,Ko Si Chang,Augusto Teare,5,7522.23
340,Zoonoodle,261 Almo Court,Kedungcangkring,Nanine Patek,2,2439.51
341,Gabtune,204 Roth Junction,Fargo,Jeffry Goomes,3,611.57
342,Tagfeed,9 Prairie Rose Plaza,Al Miftāḩ,Gibb Newlyn,5,4280.16
343,Jaloo,86 Judy Park,Daur,Land Prenty,2,9677.61
344,Linkbuzz,968 Ryan Trail,Lingbei,Thelma Perryman,4,3845.34
345,Fliptune,1389 Clove Court,Pokhara,Fanechka Cottingham,4,3905.82
346,Gigashots,6142 Carey Hill,Huangjiakou,Ardelis Garmons,3,7755.64
347,Divape,978 Thierer Circle,Xiangjiazhai,Leonora Graffin,0,6546.21
348,Twitterwire,01880 Stuart Park,Zhaobaoshan,Lorrayne Mabone,4,6698.38
349,Skiba,9 Burrows Way,Néa Mákri,Guinna Tout,3,5889.53
350,Oyoba,59 Mosinee Place,Nybro,Madlin Ingley,3,9382.64
351,Youspan,56 Lawn Park,Zhangcunping,Wendie Lawful,1,3274.41
352,Bubblemix,6 Moose Drive,Al Maşdūr,Beau Rollings,1,1825.05
353,Npath,5 Fulton Park,Tongle,Codie Petrelluzzi,1,9519.54
354,DabZ,1475 Stone Corner Alley,Xieshui,Nelly Nannizzi,1,672.28
355,Flashset,8512 Dixon Street,Dengtang,Allyce Porkiss,3,7748.41
356,Twitterbeat,49 Valley Edge Trail,Újezd,Anitra Ruppertz,0,2260.78
357,Topicstorm,34924 Sundown Place,Yinhedahan’er,Tandy Schule,3,6471.92
358,Aimbo,22966 Bobwhite Lane,Piterka,Lynnell Jeacop,1,6753.10
359,Aibox,8 Little Fleur Street,Nantes,Sigfried Swaine,0,5211.38
360,Ozu,400 Schlimgen Lane,Chaviña,Berty Kestell,0,99.22
361,Zooveo,35 Northfield Park,As Suqaylibīyah,De witt Trayling,4,9727.42
362,Fadeo,789 Sutteridge Hill,Xinyi,Lettie Daldry,3,2147.91
363,Ooba,2 Moose Alley,Nueva Gerona,Leah Gordon,4,5530.65
364,Eayo,086 Forest Road,Damaishan,Jaynell Charley,2,7497.99
365,Kwimbee,62 Maryland Pass,Huangmao,Bertina Phillpotts,3,6908.29
366,Thoughtstorm,68 Lighthouse Bay Court,Yekaterinovka,Lin Arpin,3,4696.40
367,Zava,2 North Drive,Huangzhuang,Andros Gwyllt,3,9631.94
368,Dazzlesphere,1 Riverside Lane,Nyköping,Jimmy Dury,2,52.57
369,Feedbug,18970 Moose Junction,Leipzig,Evangelina Ingleton,2,3858.18
370,Skiba,426 Corscot Plaza,Cafarnaum,Harbert Willsmore,4,7223.04
371,Skidoo,5557 Monica Point,Kovářská,Ancell Long,5,6392.33
372,Topicshots,10284 Springview Avenue,Sukajadi,Rayshell Witard,0,1928.27
373,Edgeclub,66795 International Court,Napoli,Kermit Petters,0,9563.15
374,Tagtune,39242 Brentwood Hill,Odoyev,Athene Topham,1,9278.00
375,Shufflebeat,6852 Portage Road,Donskoy,Kassia Sibbons,4,8595.13
376,Demizz,86 Hauk Terrace,Zhonggongmiao,Henderson Sarver,2,9294.84
377,Mydeo,46682 Westerfield Hill,Golomunta,Russell MacVicar,5,2408.48
378,Skinix,1 Graceland Place,Yuzui,Rollin Catherall,2,2825.67
379,Ntags,01 Eagle Crest Park,Shajia’ao,Herculie Drysdale,4,8589.60
380,Tambee,37 Dahle Terrace,Rodez,Sarita Verrills,2,9920.81
381,Viva,6331 Sycamore Alley,Megulung,Francene Revel,2,6156.61
382,Brainsphere,4 Carpenter Place,Rublëvo,Eduardo Taphouse,4,2826.42
383,Flashdog,56923 Luster Terrace,La Libertad,Myrtle Reignolds,3,1471.52
384,Shufflebeat,6 Rieder Point,Taichung,Olwen Friskey,1,3453.96
385,Twitterlist,52742 Killdeer Place,Bajos de Haina,Nathanil Watsam,4,9745.64
386,Minyx,44 Pennsylvania Junction,La Roche-sur-Yon,Vonni Carefull,1,3138.52
387,Voonder,987 Norway Maple Court,Itaí,Gusta Spinella,4,6105.82
388,Rhyzio,26440 Schiller Hill,Dizhai,Nydia Estick,0,504.03
389,Youspan,910 Orin Alley,Valenciennes,Amandi Stearley,4,1450.26
390,Rhycero,1679 Alpine Drive,Pescadería,Graeme Cornelissen,3,5710.93
391,Fliptune,72037 Kedzie Avenue,Tucupido,Ulberto McCague,2,7625.34
392,Fliptune,0 Carioca Alley,Quiñota,Eleonora Sewell,3,386.58
393,Skaboo,04 Fuller Way,Antsiranana,Darryl Switzer,0,1838.19
394,Topiczoom,8319 Karstens Lane,Toledo,Moll Yter,1,6342.31
395,Fanoodle,75 Hermina Pass,Ning’an,Artemus Booty,3,9982.73
396,Roombo,8 7th Drive,Datar,Corilla Finlaison,4,9403.25
397,Midel,70848 Buena Vista Hill,Urungpigang,Marven Dungey,3,9280.31
398,Thoughtbeat,20 Northland Pass,Kyzylzhar,Chloris Bowshire,3,3598.77
399,Youspan,4715 Killdeer Crossing,Quartier Morin,Carr Folker,3,8263.72
400,Realcube,0856 Schurz Alley,Sergiyev Posad,Shaun Stroder,1,1329.23
401,Youopia,1035 Carey Junction,Raków,Land Bambridge,2,2321.72
402,Trudeo,9712 Menomonie Point,Esparza,Gaye Besant,4,7251.07
403,Mycat,46 Chinook Crossing,Clermont-Ferrand,Hephzibah Moroney,4,7903.98
404,Eabox,83553 Express Trail,Kluki,Tracy Lofty,2,6938.48
405,Voolith,273 Graceland Lane,Āgaro,Costanza Stubs,5,3735.11
406,Mymm,59290 Tennessee Lane,Rybatskoye,Darci Soule,1,8760.89
407,Topiclounge,21 Atwood Terrace,Córdoba,Cherri Abilowitz,1,873.62
408,Topiclounge,07 Northwestern Center,Gorno-Altaysk,Sisely Dehmel,2,8512.06
409,Tazzy,14 Loomis Pass,Patrang,Delano Faulconbridge,3,7568.22
410,Feednation,795 Stone Corner Center,Panyambungan,Laurianne Spillman,4,2827.69
411,Jayo,97351 Summit Way,Dagang,Petronella Knevit,2,1418.49
412,Quimm,3185 Dexter Lane,Shunling,Carlye Gayther,2,3132.06
413,Kanoodle,32 Glacier Hill Drive,Jieshou,Ame Wiggin,1,9670.34
414,Blogpad,43497 Vahlen Crossing,Aksu,Ardelis Denison,1,1250.57
415,Babblestorm,6 Garrison Center,Sarnów,Ahmed Wayvill,3,293.59
416,Youfeed,26883 Colorado Park,Kizil,Nonah Barclay,1,9439.13
417,Reallinks,5 Clove Drive,Bylym,Cynde Hantusch,4,2168.63
418,Avamba,48511 Farragut Park,Pocrí,Warde Trigwell,5,4357.33
419,Tagopia,20 Chive Plaza,Jeponkrajan,Emile Blizard,3,1940.63
420,Twinder,2 Union Road,Yutou,Natasha O'Donoghue,3,9318.96
421,Devify,480 Loftsgordon Street,Safonovo,Nanete Frostick,2,1449.89
422,Vinte,61 Badeau Trail,El Ingenio,Christophe Vitall,2,4397.90
423,Skajo,2 Anniversary Center,Baganga,Nell Keiling,1,902.25
424,LiveZ,592 Sunbrook Point,Baitang,Jeanelle Pesic,1,1256.37
425,Aibox,99 Schlimgen Lane,Napalitan,Jesselyn Waycott,1,3585.49
426,Eare,3 Autumn Leaf Drive,Pakapasan Girang,Fiona Rosin,1,395.58
427,Abatz,422 Southridge Terrace,Idanre,Fields Tift,1,2345.88
428,Youspan,1818 Declaration Trail,Cisewu,Steward Ivanisov,3,722.47
429,Kwinu,1461 Goodland Court,Sundsvall,Milka Northbridge,5,7818.29
430,Tagpad,64421 Arkansas Point,Jinyuan,Riordan Diggens,3,7871.06
431,Twinte,9 Barnett Circle,Tambo,Hartley Beardsley,2,4883.85
432,Mynte,00346 Delladonna Hill,Fenyan,Guthrey Lindblad,3,6890.24
433,Yoveo,866 Logan Terrace,Iłowa,Alonso Loyns,3,7930.74
434,Centimia,57781 Basil Point,Nova Friburgo,Shawnee Beeho,2,557.79
435,Rooxo,45215 Northport Junction,Podporozh’ye,Estrella Pitherick,3,49.34
436,Einti,01 Everett Drive,Qintang,Myrvyn Winsborrow,1,7954.88
437,Jaxnation,14208 Autumn Leaf Park,Gombong,Jamie Wilde,3,8038.84
438,Tagtune,7 Maple Street,Chowki Jamali,Obidiah Arrell,3,3436.18
439,Jabbertype,81470 Canary Terrace,Néa Smýrni,Ermin Stammers,5,2511.68
440,Brainbox,3704 Mosinee Place,São Pedro de Trafaria,Earvin Vicary,2,5764.84
441,Latz,93 Hooker Place,Thun,Gilberto Duester,1,6138.00
442,Twimbo,5952 Dunning Parkway,Gastoúni,Saloma Yackiminie,2,6475.26
443,Zazio,0 Dixon Plaza,Henglin,Margie Pawels,0,6070.19
444,Youbridge,08586 Cherokee Circle,Tiblawan,Wood Sandbatch,3,6773.71
445,Voomm,88 Green Way,Mingyihe,Dorice Roose,1,7669.68
446,Rhynoodle,74 Milwaukee Place,Tajinan,Ysabel Webburn,1,4094.46
447,Fliptune,76 Ridge Oak Terrace,Jistebník,Casey McDarmid,4,3412.25
448,Brainbox,383 Bonner Pass,Kalashnikovo,Dewain O'Flaverty,2,7836.52
449,Brainverse,5695 Fairview Road,Bolekhiv,Andriana Kitchenside,0,5.43
450,Livetube,11 Washington Street,Luotuo,Korella Austing,2,4026.16
451,Rhynoodle,160 Upham Way,Babakantonggoh,Janean Bellew,2,6693.86
452,Skippad,92 Brentwood Drive,Lons-le-Saunier,Bastian Dunne,1,130.18
453,Devpoint,7 Green Trail,Rokytne,Winifield Gouldie,2,4853.22
454,Riffpedia,12 Bartelt Circle,Turgenevo,Blythe Skirven,4,825.43
455,Topiclounge,74 Mayer Point,Waterloo,Shaylyn Rossetti,0,5946.18
456,Cogilith,18 Lake View Trail,Dama,Arda Cheak,2,3380.48
457,Mynte,1 Milwaukee Pass,Canggang,Lebbie Kinner,3,3188.66
458,Voonte,6 Tomscot Parkway,Hauhena,Charmion Murrill,4,4756.37
459,Tagtune,81546 Rutledge Alley,Sedlarevo,Beatriz Bertin,2,2674.09
460,Quatz,8514 Parkside Street,Shengli,Hew Mallan,3,5784.02
461,Plambee,2 Service Parkway,Tsimlyansk,Willa Jimes,0,7312.88
462,Myworks,8 Morningstar Place,Yoshii,Cindra Woollett,0,6096.51
463,BlogXS,70 Westend Center,Qitao,Portia Shipperbottom,5,4709.11
464,Oloo,76 Atwood Terrace,Barra Bonita,Moina Crew,3,9495.25
465,Kwinu,2 Iowa Road,Las Higueras,Shay Struis,1,9392.45
466,Oloo,5432 Mesta Plaza,Kuandian,Rasia Rafe,5,9801.58
467,Katz,13805 Claremont Avenue,Aramecina,Audrie Passie,4,2951.87
468,Fanoodle,8 Buena Vista Alley,Starodub,Jillana Rosenfelder,0,1675.01
469,Wikibox,73358 Melrose Crossing,Essen,Gwenni Fruchon,1,1936.86
470,Fiveclub,4290 Amoth Center,Pinaring,Natassia Arminger,2,9224.73
471,Photolist,095 Elmside Circle,Khanāşir,Vevay Schlagtmans,2,5254.85
472,Wikizz,86 3rd Plaza,Magdalena,Nelly Batchelor,0,5312.80
473,Skyble,22618 Lunder Terrace,Kachkanar,Denver Rostern,1,7755.08
474,Yabox,49 Southridge Park,Barreiro,Field Fist,1,363.51
475,Camimbo,64 Carpenter Road,Viraco,Moyna Greeno,4,7566.03
476,BlogXS,51 Pepper Wood Park,Malé Svatoňovice,Collete Classen,2,4271.02
477,Vinder,58 Clarendon Terrace,Ijuí,Thacher Dagworthy,1,9237.51
478,Skynoodle,6384 Claremont Way,Zizhao,Catlaina Ferriere,3,391.81
479,Miboo,949 Bultman Junction,Vynohradiv,Tierney Garthside,4,8388.63
480,Twitterlist,60841 Atwood Drive,Dahongmen,Jeramey Rubrow,2,6637.61
481,Shufflester,87585 Schurz Place,Bhunya,Sherry Westell,2,7140.66
482,Jaxnation,57 Caliangt Terrace,Bairro,Dino Alvarado,4,2735.75
483,Twiyo,060 Erie Place,Lampa,Donnamarie Cockren,5,7840.40
484,Photofeed,89 Vidon Plaza,San Jose,Glynis Dumingo,3,5202.27
485,Cogilith,90 Dorton Circle,Sandefjord,Clive Nottram,1,4397.64
486,Innotype,435 Gina Park,Yoshikawa,Paten MacLleese,2,4549.86
487,Lazz,18 Merrick Circle,Радовиш,Alejandrina Scurrer,4,7644.22
488,Livepath,19034 Fair Oaks Crossing,Huangchuan,Estrella Darko,2,4314.46
489,Yakidoo,628 Everett Crossing,Maromitsa,Urban Askey,3,5643.95
490,Divavu,62 Summit Plaza,Kushiro,Hinda Fihelly,1,9755.26
491,Mynte,223 Upham Road,Shuiji,Vincenty Vose,2,7104.63
492,Minyx,742 Dixon Circle,Riah,Stephanie Milward,2,8137.94
493,Riffwire,89393 Kinsman Hill,Mulyoagung,Titus Ors,2,5204.00
494,Quinu,994 Annamark Junction,Solna,Milt Hinkes,3,1637.73
495,Divape,2122 Eastwood Point,Mikhaylovsk,Rita Baildon,4,279.84
496,Yamia,478 Starling Lane,Jarigue,Putnem Trenear,3,7152.94
497,Trudoo,022 John Wall Point,Bothaville,Gerianna Sheals,5,5666.42
498,Innotype,0 Norway Maple Hill,Boldumsaz,Didi Doul,3,9111.87
499,Trunyx,95990 Continental Alley,Ţāmiyah,Lea Wagner,1,1663.01
500,Quatz,70440 Glendale Plaza,Groningen,Derk Puller,4,2766.55
501,Linkbuzz,4002 Lighthouse Bay Park,Fuxi,Elianore Rilings,3,2554.03
502,Kare,5 Mendota Way,Cijoho,Pattin Greatreax,3,5560.87
503,Chatterpoint,50355 Buhler Junction,Librazhd-Qendër,Philip Weben,2,5641.98
504,Gevee,2 Messerschmidt Terrace,Chão de Couce,Carol Lory,2,8560.85
505,Realcube,945 Hollow Ridge Street,Pemzashen,Maryl Denzey,3,955.77
506,Kazio,780 Sunfield Pass,Tianxin,Olympe Dorling,3,9436.32
507,Snaptags,1 Dawn Terrace,Toyós,Maxie Cuttings,5,8536.34
508,Gabcube,8 Jackson Terrace,Tangga’an,Guinevere Litchmore,4,9771.93
509,Geba,57 Hoard Center,Goge,Adara Alvarado,1,8091.01
510,Skiptube,75 Morning Center,Postřelmov,Karissa Whitfeld,4,42.70
511,Kayveo,4 Vera Junction,Wan’an,Reed Le Marchand,0,6567.27
512,Twimbo,5649 Dennis Place,Helsingborg,Jermaine Corns,1,9665.05
513,Yadel,3 Luster Circle,Kikerino,Phaidra Firks,4,832.16
514,Blogpad,881 Nancy Center,Nijmegen,Carlyn Weal,3,8531.31
515,Roomm,2641 Blaine Place,Zhongbu,Virgilio Letrange,4,3923.08
516,Skaboo,43 Morningstar Park,Luar,Eryn Harston,3,3929.45
517,Edgewire,15 Knutson Alley,Sedan,Don Waggett,2,4845.28
518,Blogspan,885 Hauk Lane,Peimei,Nelson Stothert,3,7433.57
519,Tazzy,752 Bellgrove Crossing,Teresópolis,Morgun Fidelus,1,2504.87
520,Camido,02 Forest Trail,Liloan,Diane-marie Cullnean,1,9151.71
521,Wordware,01055 Lerdahl Crossing,P’rimorsk’oe,Yard Beran,3,2120.86
522,Ooba,07 Basil Plaza,Santuario,Ki Normant,1,9009.01
523,Trilia,03 Texas Trail,Ridder,Gifford Partener,1,6435.45
524,Aibox,05 Lillian Plaza,Freiburg im Breisgau,Barbi Wasiel,3,6185.49
525,Talane,01079 Pond Terrace,Gantang,Theda Tenney,2,2856.34
526,Dabvine,7143 Hintze Place,Hawassa,Winthrop Mellish,2,7657.68
527,Linkbridge,3777 Autumn Leaf Avenue,Poli,Homere Brownlee,0,7826.37
528,Katz,22947 Springview Place,Ganzi,Arden Canon,2,2366.63
529,Mita,15 Jay Way,Corinto,Price Woodcock,1,5134.81
530,Jabberbean,22862 Amoth Place,Zašová,Galvan Glyn,2,4138.95
531,Kazu,660 Old Shore Drive,Dongpu,Leshia Pomfrey,4,6130.76
532,Myworks,74727 Iowa Point,Trzebnica,Cornelius Talks,3,8639.62
533,Pixope,32 Shasta Lane,Nice,Craggy Ogger,3,3180.29
534,Tazz,73999 Quincy Parkway,Guinobatan,Marybeth Egiloff,4,5266.69
535,Vitz,01 Farmco Court,Qal‘ah-ye Kūf,Vernice Tayspell,2,6138.58
536,Photobug,94 Village Green Pass,Veles,Care Bryde,4,5521.37
537,Vinder,059 Myrtle Crossing,Jiantian,Adrian Cherm,1,4631.09
538,Leenti,8807 Parkside Circle,Nankengzi,Carlota Rawsthorne,1,1398.37
539,Kwinu,5235 Derek Street,Cigadog Hilir,Roseann Batten,5,7780.16
540,Mita,45861 Jackson Parkway,Priyutovo,Reynolds Friar,2,2325.90
541,Snaptags,2 Michigan Crossing,Port Elizabeth,Ned McLay,3,6133.45
542,Rhyloo,0878 Monterey Drive,Campos do Jordão,Gwyn Yukhov,2,9665.97
543,Izio,9708 Helena Pass,Casa Nova,Joshia Rawcliff,4,576.38
544,Jetpulse,8 Mayfield Trail,Ajaccio,Brunhilde Enright,2,6767.00
545,Fadeo,53169 Arrowood Point,Tam Bình,Alford Bottom,2,7615.28
546,Blogtags,1818 Mockingbird Terrace,Pires do Rio,Benyamin Nannini,4,9824.65
547,Realmix,41 Blackbird Place,Las Lajas,Bart Tolliday,4,4844.54
548,Bubblemix,7857 Stuart Terrace,Gatbo,Marnia Bosden,3,1330.21
549,Vimbo,79218 Dakota Lane,Fantino,Kathy Huygen,4,691.67
550,Browsedrive,67755 Golf Course Crossing,Hønefoss,Dietrich Frostdyke,3,7821.74
551,Wordpedia,3 Southridge Crossing,Babakan,Sidonia Boskell,2,8388.45
552,Meevee,82133 Oneill Parkway,Suining,Charlot Emmanuele,1,2469.96
553,Wikizz,0 Warbler Circle,Hejiabao,Stephannie Caldera,2,4306.67
554,Brainbox,18 Village Pass,Volkhovskiy,Bobbie Tompion,2,7176.79
555,Flashpoint,35 Fuller Avenue,Chiang Rai,Hally Ratnege,2,3902.76
556,Feedspan,64622 Badeau Drive,Toyooka,Lilah Wanka,5,5352.68
557,Bluezoom,56465 Meadow Ridge Street,Turan,Mirabelle Hazlehurst,5,3533.30
558,Quatz,35 Debra Junction,Wengang,Diarmid Sherbourne,0,2705.83
559,Yotz,4 Nelson Point,Litan,Geordie Barrott,2,8500.81
560,Kazu,4 Service Court,Aix-en-Provence,Christi Mablestone,1,8297.44
561,Twitterlist,3646 Merry Trail,Akhmīm,Carny Salsberg,1,7153.41
562,Photofeed,79 Mayer Road,Mesopotam,Eldon Martignoni,1,112.52
563,Tekfly,792 Spenser Park,Merida,Fred Hindrich,1,1203.51
564,Izio,73 Gale Park,Lovisa,Barby Cescon,4,6868.39
565,Realcube,4433 Cody Road,Montpellier,Em Livings,1,8437.75
566,Dynabox,2732 Marquette Circle,Aquiraz,Alissa Ayshford,0,1935.24
567,Rhynyx,6 Coleman Road,Gubkinskiy,Barb Gerry,4,838.67
568,Dablist,912 Chinook Terrace,Arkhaía Kórinthos,Laurette Millar,4,897.75
569,Blogpad,52 Division Street,Izra‘,Eran Tooze,3,6274.41
570,Fliptune,20061 Evergreen Plaza,Bobrowice,Aron Duffy,1,3236.17
571,Meetz,05 Lunder Road,Tadotsu,Daron Shemwell,3,2333.43
572,Devcast,054 International Drive,Jiaojie,Errick Jays,1,1519.96
573,Nlounge,8271 Sunfield Plaza,El Paso,Bernardina Harnes,3,4991.09
574,Voolith,4 Hooker Court,Kungsbacka,Lewes Elsmere,2,7237.92
575,Skippad,328 Fieldstone Plaza,Sheffield,Aigneis Rome,1,3273.43
576,Zava,85 Manley Point,Tuoshi,Kerry Duckerin,2,6564.76
577,Divanoodle,0528 Talisman Plaza,Ash Shiḩr,Welby Addington,4,7784.42
578,Tekfly,8 Marcy Court,Zheleznodorozhnyy,Aaren Dubique,0,742.93
579,Yoveo,99543 Duke Plaza,Pignon,Thayne Domerq,0,4749.39
580,Camido,251 Fairview Drive,Lenger,Marven Snow,3,8884.56
581,Centimia,3 Carberry Center,Nungga,Alfie Craik,1,6939.83
582,Abata,44 Bluestem Hill,Manis Mekarwangi,Misti Gathwaite,1,3225.44
583,Meetz,52 Bay Street,Brandýs nad Labem-Stará Boleslav,Cherie Faloon,0,8990.25
584,DabZ,2991 Cascade Way,Banikoara,Beret Cicculi,1,2779.94
585,Zoomdog,8 Hayes Trail,Alor Setar,Cristionna Clery,4,6548.77
586,Mydeo,6 Luster Circle,Baiyun,Crawford Glamart,2,2138.65
587,Mynte,313 Almo Center,Anchorage,Anica Sertin,1,920.25
588,Babblestorm,15357 Haas Trail,Balally,Barb Mathwin,1,9028.97
589,Kamba,25344 Towne Place,Jovellar,Mireielle Feehery,4,7871.49
590,Yabox,56 Ludington Terrace,Nacka,Rayshell Rowsel,0,9394.81
591,Divavu,22183 Toban Center,Busungbiu,Sol Elmhirst,4,7029.82
592,Shuffledrive,446 Lakewood Avenue,Sumbergebang,Austin Acklands,4,8301.10
593,Zava,4 Vahlen Pass,Kristinehamn,Derrick Bogies,4,3236.57
594,Eazzy,06627 Pennsylvania Drive,Zarechnyy,Ottilie Osgar,4,2292.80
595,Tagtune,9673 Amoth Court,Maliana,Dylan Scutcheon,4,91.84
596,Linktype,17 Transport Point,Jackson,Joyan Drewitt,2,4536.99
597,Skimia,5 Manufacturers Place,Hetang,Maurita Skillicorn,1,9794.46
598,Gabvine,1 Lunder Parkway,Subotica,Barret Hansmann,3,1036.90
599,Podcat,828 Barnett Court,Espumoso,Wendell Gooden,0,7472.04
600,Aimbu,12 Red Cloud Hill,Cipari,Nikola Newe,0,6510.86
601,Thoughtstorm,88 Dakota Circle,Winduraja,Everard Mettericke,3,3021.73
602,Viva,60 Melody Center,Mytishchi,Sigfried Maasz,4,3407.97
603,Kazio,75 Utah Parkway,Ypacarai,Sari Braunstein,2,3406.65
604,Jabbertype,23 Chive Park,Gaspar,Consalve Luby,4,7524.67
605,Gabcube,9471 Packers Point,Xigou,Jamil Shellshear,4,3556.69
606,Meeveo,25807 Rusk Terrace,Senggapi,Marie-ann Simond,3,5435.91
607,Jayo,08 Birchwood Place,Ōhara,Mellisa Zorzetti,4,477.89
608,Innotype,60587 Maple Wood Point,Sintra,Padraig Vogelein,4,9293.88
609,Devshare,5017 Kropf Road,Anguil,Terrance Duggan,4,5135.51
610,Meejo,34414 Johnson Circle,Saint Paul,Bryce Duguid,3,4473.92
611,Browsebug,97 Sloan Terrace,Markham,Nolie Towersey,0,3229.82
612,Dabshots,80 8th Point,Lamas,Wally La Padula,2,6080.08
613,Browsebug,78 Glacier Hill Parkway,Kamienna Góra,Abbye Marin,4,3021.14
614,Skyvu,24 Summerview Road,Altagracia de Orituco,Beulah Waryk,1,1792.15
615,Avamm,2 Dovetail Hill,Verkhneye Kazanishche,Eolande McKinnon,3,8361.18
616,Babbleopia,294 Annamark Avenue,Hässleholm,Gualterio Trevett,4,3250.16
617,Yamia,13561 Dawn Court,Strzyżowice,Hervey Culshew,4,9429.73
618,Meevee,9585 Garrison Point,Loma Bonita,Christian Alsop,2,6753.75
619,Mita,918 Holy Cross Junction,Xiaojie,Jabez Tavener,2,8456.56
620,Roodel,38874 School Place,Korkino,Everard Carmody,3,9019.13
621,Wordify,9745 Delladonna Court,Maleevsk,Wallache Toffaloni,2,330.68
622,Quaxo,9315 Steensland Court,Coihaique,Eadith McGloughlin,4,3062.84
623,Fivechat,8 Center Court,Daga,Pieter Haliburton,1,6967.91
624,LiveZ,41356 New Castle Way,Greenland,Alameda Camden,4,7839.31
625,Edgeblab,4 1st Avenue,Nagaoka,Lon Czapla,2,3711.49
626,Talane,283 Holmberg Park,Cúcuta,Loralie Mackrill,5,5540.47
627,Yakijo,38 Lien Hill,Anqing,Owen Varnes,2,3199.55
628,Wikizz,0 Sycamore Court,Napu,Silvester Andriveaux,2,5433.25
629,Jaxnation,8247 Lukken Place,Wanmu,Madalyn Philpotts,1,1321.85
630,Voomm,848 Mayfield Parkway,Penghua,Vito Nellis,1,878.66
631,Feedfire,05 Waywood Way,Yaurisque,Livvyy McGown,4,7299.86
632,Rhyzio,47141 Annamark Avenue,Norrköping,Stacy Bansal,3,5243.74
633,Rhycero,85881 Orin Point,Chengbei,Gallagher Ligertwood,2,129.46
634,Dynazzy,46 Ridgeway Junction,Salamá,Koressa Culp,2,6062.68
635,Skinte,74 Clove Way,Toba Tek Singh,Bel Smead,4,7033.93
636,Tazzy,9795 Hagan Terrace,Dujiajing,Robenia Aslam,3,5564.69
637,Kamba,9 Fairfield Street,Tāndo Mittha Khān,Lenee Cowell,3,5166.33
638,Youtags,76 Trailsway Pass,Lamduan,Phil Sawyer,1,7394.89
639,Yombu,68337 Ryan Road,Créteil,Even Murney,3,8701.41
640,Quinu,4245 Moose Way,Tobatí,Jacquenetta Bril,5,5256.74
641,Kwinu,490 Atwood Junction,Pérama,Gleda Yorston,0,5407.89
642,Blogtags,4096 Acker Way,Il’skiy,Manny Pridgeon,4,3656.84
643,Eadel,1058 Banding Street,Pehčevo,Cosme Djakovic,5,9209.70
644,Trudeo,0833 Chive Crossing,Andarapa,Corly Mahood,1,8248.99
645,Twinte,08 Clyde Gallagher Center,Itagibá,Hollyanne Jossel,3,9649.04
646,Linkbuzz,9215 Artisan Plaza,Chengzi,Rowney Spinas,4,3587.17
647,Gigaclub,99 Chive Avenue,Marull,Gabie Holberry,4,7294.28
648,Riffpedia,59 Upham Way,Xiaoling,Bonita Akitt,3,1978.29
649,Aimbu,73716 Lindbergh Lane,Torbay,Natka Fowls,1,5370.90
650,Mydo,1 Fulton Avenue,Sarongan,Aleksandr Andreaccio,1,5842.38
651,Linklinks,02 Loftsgordon Point,Valence,Chevy Crix,2,4589.77
652,Twitterwire,672 Hagan Parkway,Choros,Josh Easen,0,2263.13
653,Centidel,8 Schmedeman Drive,Minneapolis,Nadia Walicki,4,6656.41
654,Centizu,3 Vahlen Point,Kubangkondang,Fred Pinkie,2,3093.81
655,Devshare,82923 Center Park,San Celestio,Quincey Shirlaw,0,3803.01
656,Topicstorm,71 Novick Drive,Nantes,Lorine Chuney,1,9111.67
657,Leexo,8837 Mallard Way,Matiompong,Adeline Critchell,1,4132.88
658,Devcast,01019 Coleman Road,Cigenca,Willyt Barwick,5,5598.10
659,Meevee,37941 Dixon Terrace,Tohong,Rebbecca Arthan,1,599.29
660,Browsecat,146 Golden Leaf Hill,Tangjiawan,Ynes Howels,1,3733.26
661,Tagcat,643 Del Mar Terrace,Ocho Rios,Bourke Sworder,4,3740.37
662,Bubbletube,8290 Ramsey Place,Washington,Jemmy MacCallion,0,2603.76
663,Dabjam,05 Beilfuss Hill,Sathon,Faina Yerborn,1,8830.56
664,Kare,52 Hagan Way,Saint-Herblain,Raffaello Bromage,3,9461.61
665,Demizz,20 Doe Crossing Way,Ipiales,Catie Penn,2,3745.69
666,Voolith,33180 Maple Wood Pass,Al Fākhūrah,Selena Visco,1,1278.07
667,Layo,2 Harper Plaza,Jin’an,Danya Bertie,1,9231.09
668,Avaveo,1 Dwight Place,Grande Cache,Anestassia O'Keenan,5,5154.72
669,Chatterpoint,526 East Lane,Gereneng,Yoshiko Eede,5,5872.88
670,Mita,1836 Sutherland Lane,Alingsås,Karlene Gooley,3,4355.98
671,Browsebug,36684 Esker Court,Guintubhan,Luca Bambrugh,4,3777.02
672,Wordtune,6155 Susan Terrace,Nový Bydžov,Remington Schimke,1,5172.94
673,Agimba,53 Stuart Center,Saint-Brieuc,Putnam Whitewood,4,3584.87
674,Yombu,0299 Armistice Crossing,Penedono,Jerrie Juhruke,3,1448.22
675,Rooxo,88385 Bartelt Lane,Porkhov,Stephi Writer,2,426.49
676,Vidoo,62 Pepper Wood Lane,Parang,Penelope Sketch,4,3943.12
677,Dynabox,1988 Debs Avenue,Rungkang,Franciska McCrum,5,6324.03
678,Meezzy,3 Towne Terrace,Mungging,Alano Linnock,3,3192.14
679,Meedoo,9779 Elmside Drive,Bāqim as Sūq,Aarika Langthorn,1,9977.19
680,Yambee,32 Cottonwood Alley,Martyush,Miran Faldoe,3,231.04
681,Skivee,11 Randy Lane,Kap Choeng,Marylou Leydon,1,3718.88
682,Kare,0 Ridgeway Avenue,At-Bashi,Rolland Frangello,2,72.05
683,Topicblab,3 Rockefeller Way,Néma,Alexis Spir,2,7321.01
684,Vidoo,1 Maple Place,Katsuura,Bartlet Angrick,4,1072.69
685,Leexo,89 Forster Alley,Sa Bot,Wildon Van Dijk,1,2375.65
686,Yozio,70 Crescent Oaks Avenue,Ngenden,Orville Leagas,2,8101.85
687,Blogtags,4424 Tomscot Crossing,Apopa,Francesca McElane,1,8723.16
688,Eazzy,4213 Harper Park,Campor,Aundrea Womersley,1,6490.82
689,Wikivu,6 Harper Trail,Liqizhuang,Sam Kepp,1,8770.21
690,Layo,83150 David Pass,Lagoa de Albufeira,Kent Timny,0,8263.37
691,Aimbu,3 Riverside Crossing,Souran,Ardyce Broadway,3,9293.59
692,Kamba,2913 Stone Corner Trail,Krajan Nglinggis,Honey Williams,1,5463.29
693,Jabbertype,473 Parkside Alley,Khrenovoye,Leena Mollon,5,5831.90
694,Gabtune,3 Ridge Oak Road,Rio Brilhante,Kellby Manneville,2,7745.48
695,Snaptags,50422 Del Mar Street,Babushkin,Cory Eim,5,5104.09
696,Skajo,786 Texas Road,Ishim,Melloney Andrusyak,3,9151.63
697,Tagopia,79959 Brentwood Hill,Kašina,Shea Wethers,5,5257.41
698,Zoonder,47064 Forest Dale Center,Verkhn’odniprovs’k,Leland Callingham,3,8490.01
699,Vinte,65744 Clove Plaza,Ponta Porã,Mar Fullerlove,2,8618.20
700,Gevee,79207 Hintze Avenue,Tournavista,Iormina Storcke,3,581.22
701,Skipstorm,382 Delaware Point,Kipen’,Marve Kibby,3,683.96
702,Plajo,703 Welch Alley,Sabang,Barclay Bramsen,1,3114.46
703,Browseblab,85 Dixon Crossing,Yevpatoriya,Myron Smitham,4,6298.54
704,Rhycero,97 Loftsgordon Crossing,Gostyń,Jeniece Sannes,4,8417.54
705,Vimbo,53 Hermina Pass,Chuangwang,Padraic Hudson,0,2741.12
706,Ainyx,12221 Cherokee Drive,Morbatoh,Tomkin Belfelt,3,5454.97
707,Blogtag,97384 Coleman Pass,Pinaring,Lee Maslen,1,4853.10
708,Mybuzz,03483 Hovde Crossing,Bader,Read Hayes,4,4533.62
709,Feednation,42 Hallows Plaza,Demba,Frederica Brockherst,4,9489.65
710,Pixoboo,91166 Golf View Trail,Orvault,Liane Wardingley,2,3671.37
711,Buzzdog,1174 Delaware Plaza,Tawau,Theo Trudgian,3,995.47
712,Izio,4745 Red Cloud Way,Ambelókipoi,Greta Fritter,3,6920.41
713,Pixoboo,0 Chive Point,Balangkayan,Abigael Pagett,3,413.76
714,Cogilith,9 Tennyson Way,Les Sables-d'Olonne,Farly Farman,0,1888.01
715,Jetwire,97371 Dottie Park,Stockholm,Dalton Couve,3,7045.35
716,Quatz,74633 Mallard Parkway,Zhavoronki,Delmar Scarrott,5,3151.85
717,Izio,2425 Springs Court,Nagrog,Rowan Georgelin,0,4033.78
718,Ailane,8 Carey Circle,Dankunku,Leese Itzcovich,2,7689.96
719,Riffpath,790 Forest Pass,Hushi,Cly Glasman,4,9409.93
720,Skyndu,3 Killdeer Parkway,Stary Sącz,Harlie Tizard,2,6989.36
721,Dabvine,9195 Dapin Lane,Ciekek,Cindie MacGuffog,1,6410.95
722,Realmix,26318 Porter Way,Bangeran,Cody Schulz,2,1955.50
723,Ooba,3 Kinsman Way,Berģi,Ashlie Hugonin,4,6507.24
724,Yata,0 Fairfield Trail,Portela,Raynor Janda,3,3702.26
725,Miboo,83 Gerald Crossing,Kitaibaraki,Doy Grocock,4,8218.12
726,Kamba,9 Ryan Parkway,Jasaan,Charmion Juszczyk,3,7894.02
727,Shuffletag,94 Cardinal Street,Oguta,Darleen Lowrey,2,5031.92
728,Zoozzy,765 Holmberg Avenue,Bulongji,Harvey Martland,2,3444.92
729,Oyope,9 Darwin Junction,Verrettes,Eugenius Loughrey,4,2325.69
730,Browseblab,7 New Castle Road,Compiègne,Kendell Morrow,1,4844.53
731,Vitz,3976 Butterfield Trail,Oranmore,Evangeline Granleese,4,4239.72
732,Skynoodle,2 Mesta Street,Huaguo,Ortensia Durbin,0,7092.00
733,Skalith,26 Namekagon Drive,Envira,Ailee Simeonov,5,6435.20
734,Divavu,8 Surrey Circle,Oliveira de Baixo,Lauritz Gabey,1,3112.82
735,Brightdog,99 Debra Road,Guandiping,Ashlen Goodhay,1,3403.78
736,Zoomdog,966 Transport Terrace,Ares Tengah,Alyda Gallamore,2,510.40
737,LiveZ,6 Glacier Hill Hill,Freiburg im Breisgau,Natasha Ritelli,1,7125.64
738,Livetube,709 Golf View Avenue,Envigado,Isahella Newart,2,3572.26
739,Devpoint,478 Barnett Avenue,Liudong,Rana Fassum,4,4196.38
740,Thoughtbeat,6471 Scoville Trail,Dongming,Cybill Hearsey,3,3142.16
741,Wordpedia,611 American Way,Puamata,Bel Nutt,2,4496.95
742,Kayveo,202 Acker Point,Taiping,Pren Gilpin,1,6445.12
743,Wordware,02238 Lillian Plaza,Naj‘ Ḩammādī,Ferris Farndell,4,1315.07
744,Rhyloo,9942 Daystar Center,Zhoutian,Hamnet Sendley,0,3052.52
745,Thoughtmix,81 Lotheville Lane,Fálanna,Lauri Antonomoli,1,2742.48
746,Dabfeed,907 Shoshone Road,Suodenniemi,Linnie Binestead,5,8398.59
747,Ooba,5695 Oak Hill,Kwekwe,Avis Leipold,1,9777.75
748,Voonix,5375 Monterey Park,Ralung,Berk Catton,4,1261.53
749,Photofeed,01411 Vermont Alley,Novouzensk,Caprice Shalloo,0,4739.90
750,Quinu,7 Dunning Crossing,Umeå,Hershel Eagan,5,7889.04
751,Podcat,85 Bunting Trail,Jönköping,Sharia Hurkett,1,6170.65
752,Flashset,4849 Mesta Lane,Soras,Alina Staines,3,7456.30
753,Teklist,7 Lunder Park,Qianshan,Amerigo Cahan,2,5929.06
754,Oodoo,287 Old Shore Court,Villa Aglipay,Kenneth Boustead,3,2107.22
755,Innotype,9754 Schlimgen Street,Novo-Nikol’skoye,Odelia Pattinson,0,9653.74
756,Oyondu,3 Pawling Terrace,Scottsdale,Peder Filipov,1,2230.64
757,Flashdog,68 Nevada Plaza,Oslo,Art Berryman,1,1935.21
758,Ntag,5 Lyons Hill,Krasnogorskiy,Lion Alaway,3,8430.19
759,Jetpulse,94 Blaine Center,La Cumbre,Heriberto Offill,3,1517.33
760,Meemm,46334 Gateway Lane,Chaumont,Jerad Duffree,4,7258.86
761,Rooxo,4 Mendota Place,Amboasary,Bradan Benardet,2,1713.40
762,Midel,11012 Park Meadow Parkway,Guiping,Cherianne Oakenford,1,7660.41
763,Yambee,5 Vidon Parkway,Jinluo,Elladine Showler,4,428.84
764,Oyonder,9 Butterfield Pass,Mangas,Marinna Midson,3,3432.49
765,Wordware,913 Evergreen Street,Zhendeqiao,Devonne Neiland,3,7391.55
766,Twitterlist,53 Schiller Terrace,Żarki-Letnisko,Upton Stinson,2,8117.82
767,Zoombox,30 Paget Circle,Jaguaquara,Bobbye Stiling,4,2810.62
768,Skipstorm,99 Park Meadow Lane,Sukamaju,Raynor Sharpin,4,5474.86
769,Photojam,24757 Michigan Pass,Bella Vista,Bekki Boni,0,5678.43
770,Quinu,8 Mayer Drive,Phibun Mangsahan,Rice Brugsma,3,4447.22
771,Demivee,97301 Monterey Crossing,Maszkienice,Carlyn Janton,2,8916.15
772,Twinte,9 Killdeer Center,Bagacay,Rosaleen Wigglesworth,1,4849.37
773,Minyx,3077 Old Gate Way,Baiima,Kristoforo Rosberg,3,2341.57
774,Shuffletag,8341 Tennessee Park,Babakan,Moore Tapton,1,2894.86
775,Voolith,51332 Anderson Point,La Victoria,Ranna Dossit,1,7337.59
776,Dablist,9 Westerfield Parkway,Piotrków Trybunalski,Matty Tanzig,4,5874.19
777,Yata,6 Oak Valley Pass,Dalamdesa Kalapadua,Roda Shapera,5,2903.39
778,Zazio,94939 Susan Park,Banqiao,Aleta Venus,5,4427.36
779,Wordware,86827 Walton Place,São Mateus,Bret Skyppe,1,7268.15
780,Skaboo,8 Clyde Gallagher Parkway,Tsumeb,Kylie Cartmail,0,9953.53
781,Tagchat,976 3rd Drive,Anyar,Cort Charrett,5,2757.95
782,Feedfire,21 Bowman Avenue,Gaohong,Fergus Lerego,2,3555.92
783,Trunyx,4490 Northview Drive,Umeå,Chrotoem Saura,1,191.80
784,Jabberstorm,759 Fuller Alley,Shijing,Ottilie Antonijevic,4,7234.15
785,Gigabox,2811 Eastwood Trail,El Regalo,Dulcia Huglin,3,8375.16
786,Tanoodle,14 Haas Street,Spånga,Lyon Tweddle,2,1299.68
787,Voomm,9 Eliot Circle,Yelenendorf,Prent Moye,2,4078.83
788,Photobean,3593 Brown Court,Oeleu,Veronika Teas,2,4380.53
789,Zoomcast,7 Everett Parkway,Frutal,Pia Cockren,1,6673.81
790,Tagcat,085 Rigney Junction,Salta,Lorry Dockrell,4,6250.74
791,Innotype,74 Russell Road,Krasnodar,Morlee Eassom,3,1948.81
792,Kazu,3 Eggendart Drive,Ciyu,Melanie Spreag,2,2646.50
793,Shuffletag,410 Buena Vista Parkway,Buta Ranquil,Ewan Wakeling,2,6200.61
794,Thoughtsphere,43302 Schlimgen Parkway,Sungai Nyamuk,Bank Freed,1,1580.92
795,Yakidoo,3794 Marcy Terrace,Curug,Ulrika Lorie,5,6778.84
796,Kazu,71 Harbort Drive,Borlänge,Moishe Glassopp,5,3509.25
797,Oyoyo,18 Hovde Way,Daxing,Foster Dionisetti,2,7927.03
798,Rhyloo,059 Kim Hill,Fu’an,Eleen Kaubisch,5,1793.36
799,Ntag,75961 Lunder Crossing,Besançon,Gabriell Lowery,0,6564.22
800,Jayo,481 Hagan Plaza,Nancheng,Albie Bleythin,2,9985.68
801,Feednation,6 Columbus Lane,Dongdajie,Elianore Balle,2,3737.16
802,Voomm,2 Buell Drive,Krzyżanów,Berky Pawlicki,5,4715.57
803,Skimia,79475 Kedzie Crossing,Sulahan,Wallis Peyto,1,3867.25
804,Yakijo,71 Warrior Parkway,Lobitos,Kaitlynn Stivey,3,221.55
805,Rooxo,2760 Anthes Circle,Pariaman,Adrea Schulkins,3,1308.02
806,Thoughtblab,7385 Algoma Circle,Bergem,Loree Downey,3,8354.24
807,Kwinu,3 Lindbergh Drive,Rudna,Arlin Winslow,1,9203.73
808,Skyble,6421 Birchwood Court,Antaparco,Laura Kienl,2,6483.30
809,Divape,6 Bay Drive,Laoag,Arliene Marvel,0,6898.90
810,Skipfire,44057 Cambridge Center,Zhashkiv,York Kigelman,0,5931.52
811,Jabberstorm,93863 Pawling Lane,Qingu,Tera Drayn,1,3569.39
812,Quatz,5448 Harbort Junction,Dongxi,Aleece Demicoli,2,2418.69
813,Skyba,45340 Arizona Parkway,Borovikha,Nicolais Rowen,1,5994.43
814,Minyx,18518 Holmberg Terrace,Drammen,Kellby Winckle,1,3807.92
815,Oyoloo,858 Pierstorff Park,Xinglong,Lorene Avison,1,8723.24
816,Latz,8 Schiller Hill,Velká nad Veličkou,Marietta Boobier,5,5350.25
817,Oozz,06 Golf Course Junction,Agoo,Pavel Tarbett,4,8811.97
818,Brightdog,1 Rowland Pass,Razumnoye,Carissa Libbey,2,9837.13
819,Fliptune,7078 Debra Drive,Purworejo,Birgitta Slimon,4,4264.45
820,Skinder,2 Sugar Avenue,Rama,Kial Jindra,4,5944.77
821,Blognation,70680 Lakeland Trail,Kertapura,Rainer Willgress,2,9726.14
822,Skiba,81299 Daystar Court,Las Piñas,Blanche Charity,3,1993.71
823,Eare,3 Spohn Junction,Heka,Halsey Goundrill,1,9561.07
824,Kwinu,80551 Crowley Hill,Maardu,Wayland Cresar,0,2860.28
825,Jaxbean,6 Browning Trail,Al ‘Alamayn,Christian Cassey,1,3684.49
826,Centizu,2192 Surrey Terrace,Kapinango,Colene Sibyllina,0,7508.58
827,Voonix,32 Caliangt Park,Krasnyy Gulyay,Frayda Attoe,2,6400.89
828,Blognation,7820 Oakridge Lane,Horní Lideč,Vivien Zorzenoni,2,6615.33
829,Gabtune,0473 Sullivan Center,Palanit,Leslie Dragoe,1,9253.57
830,Pixonyx,87334 Becker Drive,Matagbak,Betsy Jansen,4,9102.25
831,Rhynyx,2745 Crescent Oaks Road,Tāngāil,Gabbi MacGiffin,5,5684.41
832,Dynabox,9 Bartelt Trail,Boncong,Garvin Kelly,1,8964.53
833,Babblestorm,7075 8th Alley,Tiebukenwusan,Erinn Avison,3,5533.32
834,Avaveo,92 Corry Plaza,Sabtang,Betteann Labuschagne,4,7534.69
835,Pixoboo,2744 Oxford Parkway,Nicosia,Netty Kevern,2,2543.66
836,Skilith,792 Lindbergh Lane,Mapiri,Porter Fieldstone,5,1055.05
837,Meemm,86969 Tony Circle,Ntonggu,Gasparo Mashal,4,7527.04
838,Kwilith,794 Laurel Alley,Maswa,Almeta Marsden,2,3257.62
839,Viva,3827 Pawling Junction,Moroni,Esra Hamfleet,0,1174.41
840,Wikido,8966 Center Center,Balzar,Aubry Tomsen,3,255.78
841,Rhynyx,35 Northland Alley,Triesenberg,Lek Orrett,5,9927.19
842,Tazzy,27 Rigney Road,Shamboyacu,Fawn Pashba,3,6210.80
843,Bluejam,48 Mallory Circle,Laç,Patty MacKessock,0,1596.55
844,Aivee,0 Nancy Trail,Delok,Nara Grebert,3,9700.72
845,Roombo,64639 Corry Plaza,Brengkok,Nelia Rowley,0,5435.87
846,Edgewire,8 Ryan Street,Anahuac,Kelila Mower,0,4429.35
847,Trilia,33064 Village Green Trail,Budënnovsk,Mark Banham,1,5066.37
848,Jaxspan,9794 Ohio Hill,Kalisangkrah Lor,Aprilette Loughead,5,9781.49
849,Thoughtstorm,08 Rutledge Crossing,Nonsan,Marcella Torrijos,1,7840.53
850,Blognation,0 Thackeray Street,Bunder,Dina Miere,5,8442.99
851,Zoonder,77 Weeping Birch Way,Zhangxi,Lief Hurtic,3,8625.53
852,Babbleblab,4979 Cody Plaza,Udi,Mac Brindley,3,8533.35
853,Brainbox,982 Waxwing Point,Panji,Antonius Endon,3,4135.40
854,Buzzbean,06131 Center Park,Sa Kaeo,Edgar Dutteridge,1,706.24
855,Abatz,3 Sutteridge Trail,Naka,Nestor Conibeer,1,3190.52
856,Fiveclub,16 Scoville Center,Dawan,Munmro Boulton,4,4954.03
857,Photobug,2684 Westport Circle,Miguel Hidalgo,Perkin Haet,1,2320.66
858,Camido,0 Village Lane,Strängnäs,Amelia Prenty,3,6940.91
859,Tagcat,5471 Warbler Circle,Mường Nhé,Giulietta Smith,2,326.49
860,Teklist,578 Bashford Terrace,Liangting,Ninnette Barczewski,1,5263.47
861,Dynava,2002 Sycamore Plaza,Tallahassee,Corrie Sapena,1,6409.24
862,Rhycero,4 Eastlawn Junction,Luhyny,Malynda Roseburgh,4,9023.68
863,Jaxnation,947 Shoshone Trail,Kaltungo,Cameron Pontain,2,1091.84
864,Vinder,2315 Graedel Plaza,Midoun,Daron Assiratti,4,6896.80
865,Yacero,800 Karstens Way,Mae Lao,Howey McKomb,2,9986.80
866,Bubblemix,4 Oak Place,Pokrovskoye,Othilia Spare,3,9768.46
867,Tagcat,8 Florence Circle,Loangmaka,Bren Jeaffreson,5,939.42
868,Photobean,7 Pepper Wood Junction,Al Baqāliţah,Griselda Cattrell,1,2675.60
869,Ailane,116 Sommers Hill,Shamkhor,Helenelizabeth Fetherston,0,3113.59
870,Youfeed,7 Buell Road,Arauco,Patrica Brinsford,2,2350.92
871,Oyondu,0863 Debs Circle,Pizhanka,Jo-anne Fitzsimmons,4,7200.53
872,Zava,5885 Springview Parkway,Soacha,Burnard Mair,2,3458.12
873,Yadel,610 Gerald Place,Sumbersarikrajan,Claudie Josephi,1,4408.13
874,Skipfire,815 Moland Lane,Chervonoarmiys’k,Colene Slyde,5,6430.45
875,Quatz,99 Independence Center,Chichinales,Ezmeralda Hallmark,3,2934.98
876,Skynoodle,91202 Buell Junction,Akademgorodok,Verney Trimming,0,1414.99
877,Trupe,7381 Daystar Place,Debar,Eve Rumbold,3,4227.46
878,Zoomlounge,95 Judy Point,Inglewood,Jackquelin Jedrasik,2,7267.54
879,Agivu,477 Pennsylvania Place,Nevel’,Jodie Haselwood,2,2139.32
880,Youtags,96346 Shasta Crossing,Bagay,Sunshine Liston,4,1205.54
881,Eabox,45186 Gulseth Circle,Rumburk,Ally Wickey,1,4862.21
882,Skyndu,14 Corry Crossing,Gar,Sanford Ferreo,5,658.51
883,Kwimbee,01 Artisan Pass,La Guadalupe,Kassia Morewood,2,7154.87
884,Zoonder,00 Superior Point,Mokronog,Blake Letchmore,0,448.40
885,Dabtype,45 Fordem Center,Linares,Carlyle Magenny,4,245.01
886,Eazzy,4 Aberg Court,Fort Worth,Even Chettle,2,7275.89
887,Devify,63 Sunnyside Lane,Horodok,Emyle Culcheth,4,1396.49
888,Youtags,8 Bowman Avenue,Valdemārpils,Eddie Sambeck,2,39.28
889,Npath,2 Hovde Parkway,Tubel,Meir Kowal,3,204.93
890,Quatz,7 Tony Park,Gucheng,Eirena Farrants,2,9628.59
891,Centizu,730 Amoth Terrace,Shuidun,Stephani Widger,3,8359.40
892,Gevee,51 Old Shore Place,Hougong,Gavan Pimblotte,3,8791.34
893,Geba,92501 Maple Crossing,Gaogu,Barny Pettisall,2,1218.29
894,Linkbridge,8 Crownhardt Court,General Emilio Aguinaldo,Grady Bille,5,8071.42
895,Browsecat,7 Heath Center,Pongkor,Octavia Grzeszczyk,3,4360.85
896,Dabvine,96 Packers Road,Fonadhoo,Charlotte Bendel,2,6013.58
897,Riffpedia,3741 Center Alley,Liujiagou,Sheffie De Gregario,0,6051.42
898,Roomm,47442 Graedel Pass,Magadan,Town Bilborough,1,9013.20
899,Avamba,3839 Autumn Leaf Plaza,Manhiça,Fran Eakeley,4,9914.14
900,Wordware,71574 Sycamore Center,Rostokino,Lory Steart,4,3798.36
901,Snaptags,72 Norway Maple Pass,Ipu,Neely Preist,1,7843.52
902,Photospace,290 Commercial Avenue,Tuojiang,Joannes Grimoldby,2,7951.35
903,Eire,4418 Tennyson Road,Guxi,Ashby Lomath,4,9730.08
904,Meevee,1 Macpherson Plaza,Jacareí,Olly Arrault,3,8769.92
905,Twimm,2209 Carberry Court,Gómez,Gottfried Sheering,1,275.31
906,Fadeo,1 Lakewood Gardens Avenue,Ráquira,Sim Stanbro,0,1285.91
907,Wikivu,0 Onsgard Road,Paranavaí,Margret Howgego,2,3722.17
908,Photobug,804 Londonderry Junction,Chafé,Brody Cookney,2,3184.79
909,Edgepulse,39653 Delaware Avenue,Alor Setar,Doll Cudihy,3,8523.92
910,Ozu,230 Superior Point,Zdolbuniv,Jamil Vaudin,5,6941.00
911,Fivebridge,79 Comanche Drive,Aloleng,Leandra Belcham,1,3481.05
912,Dynazzy,239 Clyde Gallagher Street,Nacka,Batsheva Scranney,4,4770.87
913,Photobean,41 Pine View Circle,Karlshamn,Carney Weben,1,9189.03
914,Youtags,9934 Northfield Court,Changling,Doria Daine,4,1558.06
915,Shufflester,036 Parkside Circle,Nanyo,Eustacia Lovejoy,4,3815.41
916,Chatterpoint,72513 Fulton Street,Kasama,Marcile Flori,0,2690.47
917,Ntags,91376 Meadow Ridge Circle,Marshintsy,Abbey Stuckey,3,5231.94
918,Livetube,7 Barby Park,Puqi,Nikola Melton,3,3469.11
919,Livefish,381 Columbus Way,Karpokhórion,Victor Siley,0,3947.60
920,Quamba,14166 Anthes Plaza,Créteil,Lilia Hansley,1,9342.77
921,Abata,1412 Sunbrook Center,Daireaux,Inga Helversen,0,3954.10
922,Ooba,0 Sloan Trail,Xinglong,Gabbey Varnes,3,5796.13
923,Yodo,56797 Green Terrace,Lyon,Maribelle Woodford,4,2586.04
924,Trilia,15561 Stone Corner Plaza,Roma,Farrah Elliff,2,3575.35
925,Zoomzone,52 Armistice Parkway,Olenegorsk,Sayers Crosen,1,7827.89
926,Babbleopia,82397 Stone Corner Point,Palue,George Sterricker,1,4546.18
927,LiveZ,89 Homewood Crossing,Ciparakan,Madonna Gansbuhler,0,2932.00
928,Gigabox,96291 Schlimgen Pass,Jianggao,Celia Brolly,2,6678.52
929,Mynte,3511 Hoepker Lane,Mīrwāh Gorchani,Roma Kadwallider,0,2785.78
930,Cogilith,29 Dayton Point,Wangge’ertang,Mora Ivashev,4,3361.94
931,Gabtune,366 Vidon Crossing,Hongzhou,Vasilis Jack,3,5004.24
932,Wikivu,436 Comanche Court,Breu,Korry Carter,4,37.86
933,Camido,19 Karstens Court,Duogongma,Starlene Bissell,1,790.66
934,Jabbertype,48895 Forest Run Parkway,Stockholm,Neall Wolfe,2,294.36
935,Youfeed,9 Pawling Center,Chedao,Ronnie Bruntje,4,4643.90
936,Thoughtbridge,711 Old Shore Terrace,Pointe-à-Pitre,Shoshanna Greggor,4,6787.41
937,Riffpath,804 Mifflin Pass,Lolayan,Katherina Olsen,5,988.43
938,Devshare,579 Pankratz Circle,Severoural’sk,Gui Philippou,1,9239.57
939,Devpulse,25526 Novick Junction,Chaplygin,Caryn Fierro,5,5829.72
940,Eabox,190 Delladonna Park,Zushi,Harmon Hampson,0,3432.68
941,Photojam,73 Lakewood Place,Saratamata,Prentice Silverstone,1,1343.29
942,Ntags,49830 Buell Terrace,Ban Thai Tan,Sonnnie Brellin,2,3346.35
943,Dabtype,60341 Meadow Ridge Crossing,Lapid,Amberly Ranking,5,1982.88
944,Tavu,2237 Manufacturers Road,Takatsuki,Jard Flanagan,2,360.61
945,Buzzshare,4 Garrison Point,Fais,Minerva Rozycki,2,6763.24
946,Aimbu,6285 Village Green Plaza,Gresik,Sybil Baxter,4,4134.66
947,DabZ,55 Eastlawn Lane,Tumbes,Payton Libero,3,8004.87
948,Jabbersphere,25 Vermont Junction,Uripa,Nikki Imorts,1,5834.85
949,Meedoo,4384 Southridge Street,Surami,Enrika Bremmer,2,6861.83
950,Wordify,86663 Sugar Point,San Bernardo,Carissa Petrello,4,5441.56
951,Twinte,92 Schiller Alley,Temara,Standford Sidsaff,3,2588.05
952,Linktype,53 Graedel Court,Jianjun,Anatollo Trustie,4,5065.81
953,Jayo,76788 Commercial Circle,Montpellier,Lonnie Clackers,4,220.04
954,Cogidoo,69 Karstens Road,Bagong Pagasa,Chet Hablet,3,6856.83
955,Babbleblab,08 Golf View Court,Gangmian,Garold Ference,5,8222.64
956,Mynte,08625 Pankratz Drive,Sasovo,Caresse Cockland,5,9208.73
957,Rhybox,54693 Fairfield Drive,Resende,Benedetto Ayrs,1,1415.84
958,Skajo,959 Goodland Pass,Heting,Jeremiah Cann,2,7006.99
959,Pixoboo,254 Crest Line Terrace,Golacir,Halsy Hoppner,2,6432.80
960,Wordify,605 Havey Park,Calvário,Ted MacGilmartin,2,252.74
961,Kazio,15779 Goodland Circle,Daja Lorong,Chicky Glisenan,5,9067.54
962,Yakidoo,00648 Clarendon Park,Lomboy,Bennett Drowsfield,3,7915.85
963,Blogspan,1 Northland Circle,Palhoça,Irving Grombridge,4,6495.48
964,Topicshots,78300 Northfield Circle,Baizhang,Krispin Froome,2,1285.90
965,Gabcube,6 Thackeray Plaza,Gading,Jorry Bilsford,5,9621.35
966,Mydeo,26098 Homewood Drive,Sosnówka,Manya Trammel,2,4699.18
967,Tagfeed,463 Melvin Lane,Necochea,Cullan Coventry,3,6079.46
968,Skyndu,7139 Westerfield Court,Usab,Lloyd Lebbon,2,2018.76
969,Viva,331 Knutson Court,Sanguinheira,Addie Coners,1,2841.59
970,Babbleset,5 Magdeline Avenue,Itaperuna,Tristan Kielty,3,8405.00
971,Pixoboo,00 Schurz Plaza,Jiaoxie,Nicol O'Connel,0,5239.71
972,Twitterlist,9 Park Meadow Lane,Panbang,Gabriello Overstone,4,7446.86
973,Mynte,21984 Texas Drive,Zhouyuan,Caddric Moughton,0,6399.29
974,Avavee,88787 American Ash Road,Macau,Baudoin Digan,5,7037.80
975,Cogilith,8692 School Park,Tianfen,Arabelle Loads,0,8341.88
976,InnoZ,61262 Eggendart Road,Phra Phrom,Maxim Denial,2,7064.08
977,Jetpulse,58819 High Crossing Drive,Afanas’yeva,Rosalind Kores,2,1001.67
978,Abatz,7928 Vera Way,Virden,Devin Copestick,3,1476.76
979,Flashpoint,0 Anhalt Alley,Haifa,Tully Ezzell,2,1166.13
980,Livetube,33 Farragut Park,Černelavci,Annabal Pimlott,2,7364.32
981,Yodo,2436 Hanover Crossing,Kembangarum,Jaimie McCartney,1,9659.32
982,Twitterbeat,4804 Southridge Way,Smołdzino,Marysa Beaby,2,8371.06
983,Twitterbridge,0 Butterfield Junction,Yiwa,Bevan Fishburn,3,4132.82
984,Tagfeed,1 Little Fleur Way,Askersund,Romola Bratton,3,8923.82
985,Trilith,9008 Stone Corner Crossing,Irkliyevskaya,Gib Aldwich,3,2347.58
986,Talane,53412 Lake View Hill,Gorshechnoye,Chris Quinell,3,6919.85
987,Muxo,098 Sugar Parkway,Pestovo,Muhammad Baber,5,8687.58
988,Demivee,9498 Arizona Avenue,Mayuge,Joline Lawly,2,3513.18
989,Oozz,099 Vermont Terrace,Sanguansi,Tessy Wanka,3,2796.24
990,Voomm,90 Onsgard Point,Vadstena,Audre Seeks,4,3035.45
991,Rhyzio,65 Comanche Crossing,Nemyriv,Judye Cawthry,4,5714.97
992,Leenti,20401 Fremont Point,Mufumbwe,Filip Hellier,0,5748.59
993,Linkbuzz,6 Ilene Court,Iłowo -Osada,Kain Reddihough,3,7032.22
994,Ntag,562 Dunning Court,Hausjärvi,Ileane Gemlett,5,1417.46
995,Abatz,53556 Annamark Lane,Dafengdui,Denney O'Hone,4,9650.31
996,Photobug,93369 Mcbride Park,Áthyra,Rebbecca Ratledge,3,8373.24
997,Blogspan,25 Gale Plaza,Kototujuh,Ansley Davidoff,3,2332.05
998,Zoombeat,270 Loomis Drive,Ludbreg,Celisse Niblett,0,9514.65
999,Skimia,9847 Duke Road,Eqlīd,Wadsworth Chesshire,0,7415.86
1000,Cogibox,3 Dahle Avenue,Isugod,Kerby Boak,3,9372.75
