EAST_ID,EAST_NAME,EAST_ADDRESS,EAST_CITY,EAST_CONTACT,EAST_SALES
East-1,Oyonder,0201 West Street,Bao’an,Tabbie Waltho,33028.01521
East-2,Kwimbee,7619 Dryden Lane,Vistino,Rodrick Van den Broek,6974.567312
East-3,Skaboo,41 International Lane,Liuhou,Diego Penrose,29237.82896
East-4,Babblestorm,1978 Debra Park,Pridonskoy,Evelina Sineath,12731.42478
East-5,Edgeclub,6798 Sherman Way,Manoc-Manoc,Madelene Abeles,10103.17049
East-6,Demizz,1 Goodland Street,Halinów,Federica Skelding,2443.090637
East-7,Skimia,2627 Lien Crossing,Zhangping,Calla Matthieson,55966.90497
East-8,Pixoboo,260 New Castle Way,Tukuyu,Mikaela Cramphorn,47045.60932
East-9,Meezzy,6844 Comanche Street,Sumberpucung,Filberto Thying,51307.39455
East-10,Chatterpoint,3 Warbler Trail,Fubin,Farley Karpinski,16666.60832
East-11,Zoozzy,7270 Amoth Place,Velingrad,Leslie Learie,4429.699596
East-12,Blogtag,17360 Prairieview Park,Vodnjan,Ardine Arnaudot,1525.720283
East-13,Babbleblab,0199 Dottie Park,Chitose,Denny McAlinion,36732.07913
East-14,Skimia,8527 Everett Trail,Hexi,Vivyanne Innett,42351.29408
East-15,Meedoo,98368 Mcguire Point,Cache Creek,Jenny Edgeller,40446.49507
East-16,Browsecat,642 Merchant Circle,Krasnystaw,Angel Askaw,12658.05384
East-17,Quatz,161 Meadow Ridge Avenue,Barbosa,Neile Wheelan,33258.73875
East-18,Skippad,16 Holmberg Drive,Bontang Baru,Pammy MacLese,18727.01944
East-19,Yotz,5 Burning Wood Junction,Rönninge,Norbert Ambrogelli,48936.08739
East-20,Livefish,2931 Killdeer Road,Urek-urek,Peder Bayston,43329.86572
East-21,Kwinu,17220 Esker Terrace,Dunhua,Edsel Sheivels,53554.21304
East-22,Quire,9 Westend Place,Tarata,Gavra Wallenger,24324.46302
East-23,Gigazoom,90 Birchwood Place,Gulrip’shi,Oralla Hawkyens,1953.562957
East-24,Shuffledrive,6558 Russell Trail,Porto Salvo,Kevon Jubb,53016.20379
East-25,Edgeblab,70 Northfield Plaza,Borik,Beth Netley,21882.68818
East-26,Voolia,0 Thierer Junction,Bailan,Adelaida Wickins,12886.79904
East-27,Realbridge,10666 Forest Dale Parkway,Ketawang,Pierson Tremeer,15963.5039
East-28,Tekfly,2210 Mccormick Hill,Yanggu,Damon Haythornthwaite,39614.77972
East-29,Avavee,61772 Lighthouse Bay Drive,Saronída,Keelia Siely,2067.516886
East-30,Wikizz,2133 Logan Place,Caen,Maurie Shambrook,5822.253408
East-31,Digitube,3981 Lindbergh Crossing,Pasirjaya,Tracey Divall,13822.72917
East-32,Muxo,00 Mesta Place,Pyhäselkä,Ceil Ruler,46582.02596
East-33,Jaxworks,01356 Glacier Hill Junction,Claremorris,Camellia Brastead,43540.6301
East-34,Skajo,3 Utah Circle,Busia,Halli Warboy,32691.58853
East-35,Photobean,895 Sheridan Park,Chamalières,Kristina Kubasiewicz,35667.46645
East-36,Jaxnation,8 Norway Maple Avenue,Ledoy,Millard Wadeling,25780.95173
East-37,Kaymbo,81 Bonner Road,Kabin Buri,Brendis Grinston,59650.03991
East-38,Wikivu,00867 Del Mar Court,Chrysó,Agretha Karchewski,37036.93244
East-39,Blogtags,6 Hansons Place,Taekas,Tera Causbey,14407.35923
East-40,Zoomzone,25 Mcbride Court,Āl Ma‘ūdah,Elana Bucky,43451.32386
East-41,Flipstorm,80 Meadow Ridge Street,London,Humberto Mathiassen,37085.01389
East-42,Twitterlist,7381 Emmet Way,Bograd,Merrick Whorlton,58577.26533
East-43,Camimbo,6620 Manley Park,Piraí do Sul,Tannie Tinner,7562.398431
East-44,Talane,1832 Sheridan Place,Merlo,Danny Lutwidge,47303.0572
East-45,Dabfeed,10 Morningstar Street,Yablonovskiy,Jasun Sprosson,27436.55055
East-46,Jaxspan,43019 Glendale Avenue,Drumcondra,Nertie Teresia,5866.489935
East-47,Youspan,84167 Walton Trail,Bunia,Guthrey Blackden,44619.46413
East-48,Cogibox,65029 Karstens Crossing,Ibadan,Kimmy Nowak,35581.87044
East-49,Kayveo,6 Maple Street,Raczki,Clarance Gurnett,7567.087626
East-50,Dabtype,17 Butterfield Trail,La Falda,Elvina Billinge,40991.36129
East-51,Gabtype,3 Havey Place,Osielec,Ronnica Bensen,23527.15726
East-52,Gigaclub,77286 Upham Trail,Tapiramutá,Junina Ambrogelli,40271.47645
East-53,Eidel,62461 Ludington Park,Gorbatov,Nonah Connah,54764.35522
East-54,Twitterbridge,30 Tomscot Road,Shōbara,Barnebas Metzel,45733.95428
East-55,Twitterwire,688 School Street,Tysmenychany,Drucy Brame,55489.16572
East-56,Rooxo,34527 Algoma Road,Anjirmuara,Norah Bonnyson,29136.70882
East-57,Centidel,44 7th Circle,Nanger,Dix Wye,23.02932877
East-58,Zazio,87 Blue Bill Park Place,San Rafael,Althea Dory,59989.94432
East-59,Blogspan,44556 Sage Circle,Tigpalay,Hedda Bricket,15194.46453
East-60,Oyope,778 Carey Center,Sotteville-lès-Rouen,Bastien Innis,39721.92112
East-61,Yodo,47282 Basil Crossing,Yandang,Jaime Molloy,11567.73744
East-62,Tagopia,4164 Trailsway Parkway,Villeta,Fee Pes,24444.79857
East-63,LiveZ,6025 Evergreen Road,Ganquan,Ema Canet,11478.39378
East-64,Cogilith,8 Mcguire Place,Biao,Gene Secker,21182.83383
East-65,Skyba,841 Eagle Crest Avenue,Vilarinho,Simon Rosewarne,47828.35765
East-66,Devpoint,6 Coleman Circle,Tân Hiệp,Caldwell Atwill,17402.66347
East-67,Jaxbean,2 Monument Hill,Pakisrejo,Wilfred Blouet,28720.84086
East-68,Wordify,3 Pawling Plaza,Singojuruh,Kennett Greschik,9741.445979
East-69,Mynte,8 Northport Way,Ké-Macina,Constanta Adrienne,34038.27169
East-70,Skalith,2 Surrey Way,San José Acatempa,Bryana Ioannidis,14412.19494
East-71,BlogXS,22 Ronald Regan Pass,Liangchahe,Blanche Wormstone,19030.374
East-72,Skynoodle,505 Susan Road,Buta Ranquil,Milissent Skehan,31335.96071
East-73,Wordware,754 Redwing Plaza,Banjar Brahmanabukit,Agace Dunkley,59935.71838
East-74,Shufflester,44 Dexter Road,Qixing,Felicio Tonbye,1509.111423
East-75,Agivu,1 Coleman Drive,Rudnyy,Vanessa Jeeks,37009.3393
East-76,Livetube,6 Vera Road,Sam Phran,Donna Vossgen,54330.61679
East-77,Jabberstorm,7120 Vernon Park,A’ershan,Dee dee Ismail,23840.09602
East-78,Kayveo,9 Bultman Junction,Hetang,Sheeree Josifovic,28570.93427
East-79,Kamba,1 Warner Pass,Heping,Zacherie Gerrey,39791.11529
East-80,Skiptube,1970 Eastwood Park,Gros Morne,Crista Cruise,54456.55628
East-81,Yacero,37 Commercial Hill,El Triunfo de la Cruz,Glennis Riley,20431.2411
East-82,Babbleblab,221 Reindahl Point,Dampit,Henrietta Dracey,46587.55559
East-83,Vitz,49 Longview Parkway,Huyuan,Hedda Cutler,24183.75256
East-84,Skyble,8314 Mayfield Junction,Banjar Ponggang,Salvatore Whear,49447.09448
East-85,Topicshots,791 Bluestem Crossing,Asbest,Otha De la Yglesia,40810.51917
East-86,Jabbercube,860 Brickson Park Avenue,To’rtko’l Shahri,Nappy Labbey,53197.03276
East-87,Kayveo,1921 Merry Way,Chusovoy,Theressa McCreath,49501.34591
East-88,Bluejam,18 Montana Plaza,Osa,Zulema Berrey,57972.23123
East-89,Oba,19650 Oxford Way,Sivers’k,Colan Lambrook,49642.64952
East-90,Quimm,205 Chinook Circle,Wagar,Risa Trenbay,25997.36366
East-91,Tagpad,5603 Hintze Pass,Murom,Gretta Macveigh,39402.33092
East-92,Jaxnation,1394 Coolidge Crossing,Jianxincun,Pris MacDiarmond,8087.802768
East-93,Katz,485 Rockefeller Lane,Sunduan,Dov Saiger,44515.1884
East-94,Avamm,61 Lakewood Gardens Road,Machang,Keslie Linzee,3349.307758
East-95,Oyonder,457 Waywood Terrace,Umm as Summāq,Pooh Dobkin,10443.89812
East-96,JumpXS,53 Aberg Plaza,Trafaria,Bridgette Kegg,7758.137193
East-97,Zoomlounge,91 Ludington Point,Kireyevsk,Pablo Bellin,18712.41229
East-98,Quimba,69 Norway Maple Parkway,Casal de São João,Umeko Toothill,21672.4449
East-99,Realmix,8235 Northport Center,Malummaduri,Megen Eatherton,48635.79578
East-100,Izio,79 Dexter Pass,Dnestrovsc,Consalve Attwool,34295.73294
East-101,Yozio,326 Fisk Circle,Al Maşlūb,Arv Hardwich,9270.656974
East-102,Babbleblab,1 Hoffman Point,Vale Mourão,Bengt Curling,1878.369364
East-103,Mynte,41736 Holmberg Way,Czarne,Myca Billett,59878.94816
East-104,Centidel,178 Manitowish Hill,Yuelai,Addy Dulanty,18548.98701
East-105,Mita,292 Gulseth Junction,Tailing,Daile Lyte,19944.4974
East-106,Zoovu,5 Montana Drive,Liberia,Emelen Betonia,25349.55225
East-107,Zoozzy,51 Clemons Street,Riachos,Joachim Huyche,15549.01452
East-108,Realcube,8 Evergreen Pass,Brzeszcze,Mariann Macey,44774.28204
East-109,Fliptune,66 Butterfield Drive,El Playón,Torre Walding,10797.32579
East-110,Bluezoom,527 Butternut Parkway,Paritaman,Hortense Copnell,12744.84732
East-111,Gevee,7 Merchant Park,Ake-Eze,Reagan Dugood,8120.553421
East-112,Gigabox,02 Oak Valley Terrace,Voznesenskaya,Ailene Sprull,41758.58397
East-113,Oyope,46671 Summer Ridge Center,Legaspi,Napoleon Raimbauld,41772.91355
East-114,Realbridge,8 Tony Center,Yên Mỹ,Donal Glazier,1866.485722
East-115,Meevee,5 Colorado Place,Santa Maria da Vitória,Edd Cochern,36.80147722
East-116,Chatterbridge,88 Stone Corner Pass,Priupskiy,Ricca O'Heneghan,2066.762905
East-117,Plambee,5416 Corry Hill,Neresnytsya,Ciel Comelini,44597.73156
East-118,Eamia,364 New Castle Park,Cikembang,Kameko Kemmett,4304.594245
East-119,Omba,87 Mayfield Lane,Wilga,Marlyn Priver,32815.76119
East-120,Realcube,9 Chinook Center,Xindian,Mata Dafydd,23728.28196
East-121,Shufflester,922 Surrey Hill,Kapuskasing,Giordano Mouat,3411.24347
East-122,Ntag,5892 Continental Place,Oslo,Erskine Darlasson,56810.57835
East-123,Devshare,34 Meadow Ridge Junction,Laranjal Paulista,Rivy Ellerington,15032.17072
East-124,Ailane,7178 Mccormick Avenue,Chengqiao,Royce Diggell,39906.89976
East-125,Latz,778 Dahle Parkway,Esil,Quincey Mapholm,54983.6692
East-126,Realbridge,40936 Melrose Point,Karangboyo,Mimi Carlisle,52677.12641
East-127,Dynazzy,52400 Cordelia Point,Yilan,Booth Suscens,32460.69624
East-128,Feedbug,3 Sunbrook Hill,Fort Worth,Laney Wyldbore,29229.38333
East-129,Abatz,1951 Helena Alley,Juupajoki,Hogan Gecke,15172.89908
East-130,Edgeblab,7220 Parkside Hill,Orsay,Maxy Lankham,20196.23678
East-131,Fivechat,26 Boyd Park,Yanwo,Gigi Steffan,43601.67058
East-132,Gabtype,4705 Ridge Oak Hill,Chulabhorn,Cherri Weadick,43668.77165
East-133,Talane,00061 Sutteridge Plaza,Sheshory,Llywellyn Hobbing,12083.62452
East-134,Edgetag,538 Farragut Terrace,Wensu,Leora Franseco,3551.587326
East-135,Izio,2558 Canary Lane,Aleksandrovskiy Zavod,Ileane Drysdall,11770.53921
East-136,Babbleopia,46 Golf Course Avenue,Malinovskiy,Stormi Winkless,25683.95283
East-137,Aimbo,452 Bobwhite Hill,Anguera,Eldridge Krzyzowski,57152.7887
East-138,Jaxspan,868 Norway Maple Point,Damiao,Rochelle Rome,40138.57922
East-139,Midel,058 Grover Road,Garešnica,Ariella Gretham,49637.38531
East-140,Skimia,687 Almo Way,Tabio,Kettie Beddon,4012.278764
East-141,Blogpad,8085 Westerfield Trail,Rathangan,Domenico Gaskarth,24324.80272
East-142,Brainverse,61 Spenser Avenue,Longfengba,Gaspar Luther,40144.76342
East-143,Kaymbo,07979 Golden Leaf Lane,Nikopol,Sindee Cattermull,19234.75733
East-144,Thoughtblab,7 Atwood Way,Sallanches,Loren Shimon,23067.79589
East-145,Trupe,6880 Northridge Drive,Sudogda,Maje Joye,22297.94169
East-146,Livetube,46 Westerfield Lane,Mazowe,Andy Prestage,25106.05139
East-147,Skaboo,0103 Bartelt Trail,Xingang,Jasun Gilfoyle,41212.74082
East-148,Thoughtstorm,4220 Sycamore Parkway,Göteborg,Burk Le Noir,39773.12434
East-149,Avaveo,19 Holmberg Hill,Uzlovaya,Cathee Wyche,10041.3235
East-150,Twimm,17 Schurz Junction,Nouvelle France,Camel Balassa,28321.50776
East-151,Abatz,879 Monica Crossing,Salinas,Griselda Yegorev,59711.4346
East-152,Devpulse,7 Upham Drive,Sharīfābād,Galen McShirie,5284.855982
East-153,Edgeclub,5175 Milwaukee Junction,Cigoong,Chrysler Killingbeck,45229.44593
East-154,Tagfeed,3654 Anniversary Trail,Bucaramanga,Ted Overpool,11479.06045
East-155,Blogspan,702 Burrows Circle,Anuradhapura,Heidie Rames,41000.8911
East-156,Vinder,0 Cottonwood Parkway,Lahoysk,Tiler Newdick,45110.38055
East-157,Skiptube,15 Steensland Hill,Sacramento,Glenn Snar,52296.61501
East-158,Skajo,7454 Saint Paul Circle,Bulls,Alfie Orrocks,8560.469087
East-159,Omba,9 Ridge Oak Hill,Ban Talat Nua,Glynda De Bernardis,59166.10405
East-160,Ailane,4122 Farmco Drive,Tegallega,Jule Danher,26841.49732
East-161,Oozz,2546 Blaine Avenue,Mariestad,Jeff Racher,50457.34632
East-162,Geba,8 Sherman Place,Vir,Harp Lomis,59119.40766
East-163,Devpoint,2416 Arkansas Place,Yelets,Elwin Defond,3838.285748
East-164,Rhyzio,36 Shopko Alley,Радовиш,Mandie Pietruszka,46670.58498
East-165,Topdrive,114 Delladonna Hill,Patrocínio,Ketti Leed,53139.21383
East-166,Gabtype,9950 Sunfield Plaza,Yanglin,Gloria Schustl,15299.87206
East-167,Layo,3 Heath Parkway,Nossa Senhora do Socorro,Viola Blackaller,46693.22054
East-168,JumpXS,00 Amoth Point,Horní Jelení,Halsy Romayn,17115.96644
East-169,Jaxnation,189 Brentwood Plaza,Göteborg,Kaylil Bramsen,13027.08398
East-170,Oyoyo,644 Oriole Park,Botoh,Dulsea Daft,12318.25191
East-171,Meemm,68 Kings Crossing,Sumberpinang Satu,Filip Alexsandrovich,9212.192373
East-172,Rhycero,0576 Calypso Hill,Petit Raffray,Alexio Heiden,59668.0469
East-173,Voomm,53215 Maple Terrace,Dashtobod,Guglielma Stobo,44759.75455
East-174,Jamia,9 Merrick Road,Rennes,Munroe Rosenblad,54447.28494
East-175,Avaveo,3 Kipling Alley,Sembung,Sigismund Mordey,6727.722821
East-176,Devpulse,52 Sunfield Court,Sōka,Delilah Heineke,23972.55468
East-177,Jaxnation,19400 Pleasure Plaza,Novozavidovskiy,Bear Yeardsley,36028.44044
East-178,Innojam,78345 Mallory Drive,Tahoua,Loutitia Forton,8298.581182
East-179,Browsebug,6 Petterle Junction,Drobin,Hailey Gruszczak,54949.86872
East-180,Minyx,8 Anniversary Way,Petropavlivka,Jori Abbitt,46901.19682
East-181,Flipstorm,031 Waubesa Circle,Pyatnitskoye,Fancie Rouke,27298.42435
East-182,Bluezoom,84 Carey Center,Tumpukrenteng,Nancee Mannooch,53978.49101
East-183,Ozu,4979 Red Cloud Street,Karlstad,Aloisia Kuhn,29024.77198
East-184,Skynoodle,060 Lawn Circle,Dongkeng,Terrill Arkle,28635.65882
East-185,Ainyx,00885 Grover Hill,Xinshi,Isaak Duberry,1290.018762
East-186,Demivee,2564 Cascade Hill,Pingshan,Sinclare Hakeworth,380.9786676
East-187,Twitternation,5953 Monterey Way,Korsakovo,Hesther Hebner,15294.62984
East-188,Cogidoo,56 Fallview Way,Şaydnāyā,Lucia Coode,24445.60364
East-189,Meevee,6 Londonderry Way,Tumaco,Lance Jiggle,35813.70868
East-190,Roodel,6880 Village Crossing,Särkisalo,Briggs Pavolillo,36755.68783
East-191,Realfire,83 Reindahl Way,Garanhuns,Karna Ramel,34709.43297
East-192,Buzzdog,67 Golden Leaf Alley,Lisewo Malborskie,Babbie Botcherby,41946.35695
East-193,Devpulse,5433 Fairfield Junction,Telč,Florina Brash,14198.25667
East-194,Buzzdog,8507 Saint Paul Alley,Puutuga,Jayme Kennedy,32691.27935
East-195,Pixope,1063 Mccormick Alley,Troparëvo,Fanni Riddett,22002.63571
East-196,Leexo,3 Stuart Pass,Mramani,Lorrie Jowitt,4671.529653
East-197,Topiclounge,201 Pond Parkway,Ýdra,Gabriella Feye,1121.558063
East-198,Kwilith,9175 Ludington Point,Votorantim,Ruy Dryden,43625.5044
East-199,Lazz,5478 Kennedy Drive,Noginsk-9,Nerti Besse,36204.37265
East-200,Ntag,884 Moulton Hill,Larvik,Elysia Matisoff,24082.03202
East-201,Youtags,044 Bluestem Hill,Saskylakh,Margret Godlip,57274.03522
East-202,Browsezoom,2778 Northwestern Park,Sassandra,Izzy Dummer,11050.2174
East-203,Mydo,3 Ryan Way,Povorino,Fifi Tellenbrok,19915.02212
East-204,Buzzdog,427 Homewood Plaza,Jilong,Sergio Emanuelli,44021.65107
East-205,Photojam,95 Mcbride Street,Charleston,Neall O'Doherty,15106.10675
East-206,Youfeed,6 Gateway Junction,Lucapa,Cirillo Hourihan,14246.16017
East-207,Jatri,462 Maryland Alley,Landim,Dory Kordt,11513.70999
East-208,Fatz,0433 5th Lane,Salam,Halsy Asp,39339.83598
East-209,Thoughtbridge,98 1st Trail,Pampas Chico,Vite Greig,26896.59439
East-210,Camido,03521 Hovde Road,Lyon,Koren Duthy,32240.87239
East-211,Yodo,7 Burrows Parkway,Beigang,Mac Crassweller,58378.59055
East-212,Meembee,7 Fair Oaks Plaza,San Andrés Villa Seca,Filip Tuberfield,30357.89993
East-213,Divavu,4993 Birchwood Road,Ila Orangun,Mirilla Ferrier,5732.264491
East-214,Voonyx,57 Kings Trail,Bremerhaven,Tabina Sneath,24635.25482
East-215,Fivechat,1 Del Sol Lane,Manogay,Annalise Wahncke,19693.73551
East-216,Meembee,3894 Sycamore Drive,Mahalapye,Natalina Scardifield,12987.61872
East-217,Avamm,9 Vernon Circle,Sanxi,Annabella Poyner,53673.52182
East-218,Talane,5133 Macpherson Way,Pojok,Zelma Keemar,47188.52897
East-219,Gabtype,4756 Warner Court,Gaoyi,Alphonso Lyddiard,5781.36993
East-220,Trupe,39576 Victoria Court,Yurimaguas,Dani Inchcomb,45937.07552
East-221,Fanoodle,71806 Surrey Parkway,Hyltebruk,Kendall Roseaman,22421.08597
East-222,Gigashots,508 Katie Crossing,Punkalaidun,Deck Mathon,14571.98857
East-223,Jayo,91 Cardinal Court,Copán,Fedora Gipps,57695.14141
East-224,Skinix,2 Golf Alley,Hoima,Delinda Klimko,44367.24985
East-225,Aibox,5 Burning Wood Junction,Xinkai,Krysta Cramb,35753.19694
East-226,Realmix,95500 Forest Run Drive,Yanmenguan,Brittany Vicent,24636.9263
East-227,Edgeblab,89996 Scoville Circle,Arnage,Ram Byrkmyr,30653.91857
East-228,Eidel,94 Barnett Plaza,Ballybofey,Merle Tedstone,47913.50074
East-229,Rhynoodle,5079 Marquette Terrace,Ta‘izz,Ernest Philippon,40088.85246
East-230,Yabox,658 Melrose Center,Cincinnati,Cleveland Downer,17169.72291
East-231,Voolith,99 Fallview Lane,Berehomet,Desmond Hargitt,29319.56906
East-232,Dazzlesphere,44563 Meadow Valley Court,Sete Lagoas,Lissie Harman,6395.692696
East-233,Avamm,4 Gina Drive,Hamburg,Buddie Rijkeseis,1422.820626
East-234,Tagtune,30 Red Cloud Circle,Tabogon,Trudi Spikins,10644.30878
East-235,Tazz,555 Shasta Alley,Sapataria,Annie O'Crigane,12081.07746
East-236,Jabberbean,39705 Hoepker Point,Rafael Hernandez Ochoa,Amalie Ondra,41642.30284
East-237,Brightbean,42 Sutherland Way,Kotri,Hildagard Fearnall,41709.76457
East-238,Vidoo,519 Moose Pass,Himeji,Crawford Osgorby,57012.37408
East-239,Voonder,5 Clyde Gallagher Place,Pingshan,Layton Elks,26338.47501
East-240,Quatz,42 Lotheville Point,Limín Khersonísou,Claudette Porch,53910.87091
East-241,Blogtags,6235 Park Meadow Street,Wanju,Alexandrina McCollum,49827.41138
East-242,Yodel,92176 Merchant Pass,Girang,Noel Sperrett,38215.85844
East-243,Feednation,20 Sunbrook Way,Kingsport,Deborah Hilbourne,10782.93112
East-244,Brainlounge,0 Larry Trail,Rancapeundey,Andra Bednell,33114.12376
East-245,Izio,45490 Tomscot Way,Goiás,Katheryn Tuting,14733.81114
East-246,Tagchat,6584 3rd Plaza,Lingbeizhou,Jocelin Dymoke,3060.032454
East-247,Myworks,918 Menomonie Parkway,Eisen,Jennee Boggish,9922.127626
East-248,Mybuzz,7 Memorial Street,Đưc Trọng,Cacilia Kenderdine,1753.560555
East-249,Quatz,9286 Jay Center,Igunga,Egon Ellwell,42492.93488
East-250,Twitterworks,917 Annamark Point,Seso,Harlene Robins,29635.33993
East-251,Fanoodle,31098 Lien Alley,Gaobeijie,Isidro Sutterfield,8036.828378
East-252,Agimba,171 Trailsway Place,Tanglag,Sandro Trulocke,47549.94048
East-253,Centimia,4492 1st Junction,Radnice,Anthia Rawstron,52871.95823
East-254,Katz,4 Jenna Circle,Shiraoka,L;urette Annatt,46900.53163
East-255,Oloo,49 Steensland Street,Frederico Westphalen,Gerda Surphliss,58291.60233
East-256,Rhyloo,5 Bunker Hill Place,Putang,Seline Oldmeadow,11497.69451
East-257,Oyoyo,7410 Crowley Way,Sbo’o,Charlene Cowcha,49711.80525
East-258,Browsebug,98 Union Center,Huanipaca,Danella Blampy,49555.93953
East-259,Innotype,74 Esch Hill,Yashio-shi,Ganny Godin,29709.85065
East-260,Edgetag,565 Donald Road,Sawahrandu,Gaston Mansfield,35884.10905
East-261,Wikizz,04 Monterey Crossing,Maoshan,Dehlia Ritchard,22839.51833
East-262,Skibox,286 Carpenter Plaza,Estaca,Vin Kosiada,45580.579
East-263,Centidel,3 Welch Road,Gongming,Louella Mockler,29813.85935
East-264,Wikibox,72039 Victoria Crossing,Garango,Estelle Fonquernie,34253.24536
East-265,Centizu,336 Marquette Pass,Lékoni,Annabal Archer,58202.08823
East-266,Dynabox,62 Commercial Terrace,Lisičani,Christine Verman,22019.25059
East-267,Jaxworks,499 Elmside Hill,Thatèng,Gabrila Imorts,54519.06447
East-268,Edgepulse,43034 Cottonwood Pass,Jistebník,Marietta Dallaghan,32695.70264
East-269,Skyba,4 Maple Wood Drive,Sobotka,Eyde Ewings,8035.080903
East-270,Aivee,21152 Alpine Terrace,Zuénoula,Lynn Kmiec,11284.63162
East-271,Mycat,9792 Brickson Park Drive,Mardīān,Carree Draxford,22259.52371
East-272,Mycat,800 Troy Drive,Banjar Pasekan,Logan De Ambrosis,59847.2376
East-273,Thoughtbeat,6 Armistice Lane,Extrema,Irina Iwanowicz,49358.42108
East-274,Voonyx,776 David Place,Dumingag,Glory Elvy,22810.57697
East-275,Aivee,6 Oriole Crossing,Zhongtong,Meghan Nutley,17457.24816
East-276,Skipstorm,01039 Valley Edge Hill,Partesh,Deborah Tippings,49084.00923
East-277,Abatz,347 Tennyson Park,Muara,Dalis Padley,28391.0856
East-278,Meemm,7484 Moulton Trail,Pakxé,Germaine Pritchitt,22598.62643
East-279,JumpXS,2 Hagan Junction,Pakel,Garvy Soper,35928.84083
East-280,Flashpoint,94 South Park,Hongsung,Niki Gibbin,50096.93537
East-281,Abata,06 Brentwood Junction,Diourbel,Rhody Acory,8466.555675
East-282,Zoombeat,5791 Buell Center,Azacualpa,Sissy Duesberry,57394.25278
East-283,Midel,19 Vermont Junction,Xiangshun,Kelsy Tellenbrok,5801.422069
East-284,Skinix,443 Upham Park,Liushan,Rivalee Ramel,22787.03611
East-285,Kamba,797 Sutherland Center,Francisco Villa,Jermaine Blackwood,23025.06143
East-286,Mycat,7772 Bayside Terrace,Mayo,Timmy Henmarsh,23754.40295
East-287,Youspan,78043 Oak Valley Park,Mapalacsiao,Lilith MacDearmont,44485.41972
East-288,Abata,6 Dunning Park,Pule,Jazmin Gillingham,13705.01674
East-289,Yoveo,537 Lake View Terrace,Gaïtánion,Hephzibah Vanyukov,696.2941833
East-290,Digitube,06 Sutherland Court,Apeldoorn,Latisha Scranney,55666.83339
East-291,Yabox,7369 Michigan Lane,Anjie,Netty Ryson,42329.79375
East-292,Bubbletube,153 Badeau Center,Septfontaines,Kellsie Siderfin,19151.90141
East-293,Centidel,0999 Lindbergh Plaza,São João de Caparica,Alysa Mackin,50906.08177
East-294,Ozu,6 Monument Avenue,Talovyy,Erny Ancell,21569.51451
East-295,Rhycero,04352 Bartillon Street,Ugba,Sadye Handrahan,58759.5174
East-296,Linktype,42277 Columbus Plaza,Agualote,Sterne Wales,37342.60624
East-297,Realcube,7513 Laurel Way,Anh Son,Em Jeary,53322.18266
East-298,Zoozzy,630 Hayes Court,Zhaowu,Syd Glasser,29750.13868
East-299,Kayveo,47916 Morningstar Crossing,Härnösand,Aurelia Bilbrey,54015.63142
East-300,Vinte,25 Arapahoe Crossing,Dikou,Yuma Cartmale,59365.95884
East-301,Mycat,8426 Bonner Court,Marcala,Karil Devoy,39616.76614
East-302,Pixope,9 Toban Place,Stare Miasto,Marthe Barr,50018.89468
East-303,Edgepulse,11953 Mockingbird Court,Seltjarnarnes,Allard Scragg,47008.27587
East-304,Lazz,25 Old Gate Point,Majiao,Wain Giorgi,4199.39509
East-305,Vimbo,18365 Ridge Oak Plaza,Bei,Hilario Aylin,3685.713734
East-306,Twitterlist,66 Cascade Hill,Krajan Keboromo,Rodina Milbourn,1870.872729
East-307,Twimm,6 Johnson Parkway,Krasnogvardeyets,Carny Seton,39624.67769
East-308,Voonder,4743 4th Terrace,San Isidro,Griffie Henner,24789.09156
East-309,Voomm,74 Victoria Road,Lafayette,William MacDonell,39164.03947
East-310,Divape,0 Montana Parkway,Palatine,Denise Sixsmith,46393.78465
East-311,Jetwire,59345 Butterfield Circle,Vale de Mendiz,Susanetta Summerscales,11487.50432
East-312,Cogilith,2652 Vahlen Way,Gujba,Betta Coultous,34740.1234
East-313,Dynabox,26 Montana Way,Gexi,Evan Vogele,10932.86022
East-314,Brightdog,88 Atwood Alley,Mamburao,Roberto Kohn,6940.131631
East-315,Trilith,913 Sundown Crossing,Chelyabinsk,Reider Storres,8015.464472
East-316,Yambee,583 Ridge Oak Hill,Huxiaoqiao,Una Gustus,22.7630302
East-317,Tagfeed,1894 Summer Ridge Plaza,Diwopu,Cristian Tavernor,59011.16781
East-318,Leenti,87065 Riverside Plaza,Palotina,Mari Arcase,37414.25021
East-319,Zoozzy,63249 Badeau Parkway,Lefortovo,Teodoro Senussi,31940.19876
East-320,Twitterworks,011 Loomis Trail,Teroual,Ashleigh Antonutti,33802.04541
East-321,Yodo,6 Hazelcrest Hill,Zalewo,Sherman Wimbush,10154.13117
East-322,Yodel,13925 Glacier Hill Way,Mādārīpur,Gunner Ianno,14684.90126
East-323,Flashspan,067 Orin Place,Verkhnevilyuysk,Gilbert Prudence,36778.86637
East-324,Meejo,5 Kennedy Park,Jinchang,Cleon Chippendale,23002.91756
East-325,Cogibox,6424 Forster Road,Iksha,Shandie Heathfield,35279.17213
East-326,Skippad,9 Mallard Pass,Cavadas,Garrett Hordell,39527.54239
East-327,Fadeo,6 Esch Way,Pácora,Ingunna Crome,53618.5292
East-328,Divanoodle,39 South Court,Leidschendam,Pearla Colquyte,47051.66871
East-329,Gabvine,51 Havey Pass,Cajolá,Alameda Sunter,57579.29909
East-330,Yata,1642 5th Park,Ryazanskaya,Petrina Orcott,32224.43061
East-331,Reallinks,74735 Menomonie Alley,Angatel,Yovonnda Messier,23369.70772
East-332,Dabvine,6 Macpherson Point,Banjar Sandinggianyar,Kipp Philipson,47909.57115
East-333,Browsecat,952 Tomscot Park,Kastrat,Billy Nawton,59490.00446
East-334,Camimbo,00987 Artisan Center,Stykkishólmur,Siusan Kunze,20550.8126
East-335,Babbleset,161 Park Meadow Terrace,Khotynets,Mano Dechelle,6943.366408
East-336,Jabbersphere,3 Hayes Road,Chizhou,Andee Logie,14171.98029
East-337,Wikido,2553 Lindbergh Avenue,Yinhedahan’er,Melisse Scroggie,22853.90984
East-338,Yakijo,4048 Oakridge Street,Sayán,Noami Danit,32352.81836
East-339,Chatterbridge,689 Mallory Crossing,Saint-Avertin,Ruttger Le Count,50220.35187
East-340,Tambee,8 Autumn Leaf Way,Dajanrurung,Fanni Catterick,30648.4168
East-341,Topicblab,03 Northridge Parkway,Conima,Haily Mompesson,6967.17407
East-342,Flashdog,6035 Sloan Road,Puerto Nariño,Rufe Tinto,33324.22105
East-343,Brainsphere,210 West Street,Cabog,Clerkclaude Dolan,9077.745088
East-344,Bluezoom,36 Milwaukee Avenue,Puerto Morazán,Earle Silber,14892.5758
East-345,Skipstorm,4976 Dunning Parkway,Aş Şafaqayn,Brody Starsmeare,534.3537455
East-346,Eimbee,2 Acker Road,Ngora,Manuel Camp,24344.07291
East-347,Devpulse,8510 La Follette Center,Makrýgialos,Larry Dickerson,55669.37668
East-348,Thoughtstorm,3 Daystar Plaza,San José,Marcile Bisset,15396.61852
East-349,Wordware,88216 Ridge Oak Alley,Dolores,Rhianon Kirvell,57288.03602
East-350,Thoughtworks,04 Scott Alley,Debe,Perry Leon,44107.69016
East-351,Edgeclub,117 East Place,Pañgobilian,Randall Mingame,50206.04115
East-352,DabZ,888 Heffernan Trail,Kitakyūshū,Bram Weedall,3025.104785
East-353,Camido,64 Ramsey Plaza,Kerikeri,Joseph Bentote,4458.47866
East-354,Flipbug,92 Independence Circle,Al Qaţn,Nevil Jewar,5308.598846
East-355,Avaveo,89021 Lien Plaza,Polepy,Enoch Challenger,57703.18252
East-356,Bluezoom,1825 Hooker Pass,Gayam,Corette Farre,18088.46256
East-357,Meedoo,47 Graceland Drive,San Juan Ixcoy,Adi Bardell,3047.665484
East-358,Chatterbridge,11838 Kedzie Terrace,San Juan del Surutú,Cullen Moller,24443.07993
East-359,Zooveo,875 Surrey Way,Tukbur,Kikelia Agott,40087.7104
East-360,Oyondu,04654 John Wall Parkway,Ciudad Nueva,Beilul Conibeer,1478.51686
East-361,Twitterbridge,80447 Clarendon Trail,Xing’an,Arly Kobsch,51351.15072
East-362,LiveZ,72039 Red Cloud Alley,Orzesze,Janeen Rotham,1508.294206
East-363,Ntag,37985 Sycamore Road,Zaysan,Gabbie Pawels,55130.1579
East-364,Skipstorm,2 Kim Pass,Alqueva,Jake Kinsman,14836.16441
East-365,Trunyx,75 Luster Center,Garden Grove,Eva Linkie,3454.700696
East-366,Wordify,67125 Schiller Plaza,Massy,Ferris Jendrassik,48767.90301
East-367,Vitz,67 Stang Street,Taen Tengah,Ian Paddon,32784.13189
East-368,Devcast,0952 Texas Drive,Hà Tiên,Sapphira Sibbs,21797.09212
East-369,Yakidoo,71 Rowland Pass,Dasanlian Lauk,Frederica Gladdin,10757.75669
East-370,Abatz,1735 Novick Point,Tsushima,Alexandre Aggus,80.17960111
East-371,Brainbox,8 Hansons Alley,Bail,Sheila Bovaird,41525.91473
East-372,Leexo,5 Raven Way,Cojata,Allys Burston,52523.20218
East-373,Skyvu,0957 Dexter Alley,Al Buţayḩah,Marna Tritten,20646.38053
East-374,Dynabox,63655 Bunting Hill,Orange,Edy Wiles,31445.4364
East-375,Realfire,3665 Sheridan Pass,Lamak,Neel Lorincz,7836.232133
East-376,Wordtune,197 Namekagon Parkway,Karangtengah,Doro Chapman,31651.61072
East-377,Zooxo,79 Emmet Way,Bejucal,Ansell Duignan,43015.41593
East-378,Quamba,28938 Hayes Hill,Mucurapo,Taryn Trenholm,55438.07293
East-379,Chatterbridge,9884 Corben Place,Sortavala,Franny Bartoli,41211.20731
East-380,Edgeclub,43121 Mccormick Parkway,Sandayong Sur,Norry Pilgram,25421.86494
East-381,Wordware,6 Luster Hill,Aquiraz,Ephrem Reilinger,13818.24484
East-382,Rhynoodle,35 Superior Avenue,Świętajno,Odelia Crosskell,18282.27584
East-383,Twiyo,865 Farwell Junction,Yamada,Arline Nehls,37619.86309
East-384,Voonix,28 Bluestem Way,Shirokaya Rechka,Guillaume Blodgett,55604.98566
East-385,Skilith,276 Coolidge Junction,Issad,Alayne Anderer,41200.54949
East-386,Jaxnation,73296 Moose Road,Hennenman,Marni Jaksic,16261.79902
East-387,Tazzy,8 Goodland Lane,La Ligua,Calley Harniman,56361.03958
East-388,Vinte,54 Mosinee Street,Barra do Garças,Lynett Penni,13718.1319
East-389,Photobug,672 Buell Alley,Nepomuceno,Christiano Blogg,34951.12827
East-390,Kaymbo,3 Nobel Alley,Pare,Joy Appleford,12704.58153
East-391,Kare,23 East Circle,Karara,Shep Lapides,26108.72911
East-392,Youtags,95909 Main Crossing,Chiţcani,Alida Masser,13198.69354
East-393,Youfeed,71410 Stuart Crossing,Itu,Brigitta MacAlaster,7514.364296
East-394,Twinder,69 Ruskin Court,Shymkent,Daffi Devers,37760.89388
East-395,Quatz,017 Warner Point,Columbia,Margaux Upcott,43207.76498
East-396,Avamm,863 Roxbury Street,Itō,Lucita Tyrrell,31684.2657
East-397,Meeveo,92339 Forest Run Lane,Tamisan,Claudia Milliere,17778.71214
East-398,Voomm,908 Lindbergh Park,San Antonio,Ruthe Lanham,9688.016117
East-399,Twitterwire,7777 Bartillon Road,San Marcos,Dreddy McHarry,12179.15654
East-400,Plajo,9922 Oxford Parkway,Jambangan,Darn Hoggan,35816.04396
East-401,Meemm,455 Caliangt Circle,Jinhe,Kirby Farquarson,6896.716187
East-402,Trupe,76 Del Mar Parkway,Cañasgordas,Florenza Vedeneev,49035.26629
East-403,Kwilith,504 Thompson Parkway,Birsa,Dominik Gibbins,7960.179497
East-404,Skibox,64 Dwight Drive,Bègles,Leonerd Darinton,2755.299216
East-405,Kimia,47797 Linden Hill,Pexiligais,Charyl Turri,18225.68186
East-406,Skippad,48882 Mitchell Hill,La Soledad,Zonnya Baunton,52106.92758
East-407,Twitterbeat,5197 Kings Park,Balabagan,Lisle Abramski,18523.04908
East-408,Cogilith,0110 Quincy Street,Loen,Berkly Burkitt,7119.968546
East-409,Quimm,870 Hintze Drive,Tiout,Trudi Donovin,22226.17973
East-410,Eire,88 Gulseth Junction,Ojos de Agua,Gilbertina Cowx,21555.31033
East-411,Vidoo,38137 Corben Crossing,Michałów-Reginów,Sergent O'Duilleain,16644.4061
East-412,Roomm,8086 Iowa Crossing,Kadujajar,Travus Jeannaud,58414.78888
East-413,Ntag,7498 Prairieview Way,Xinjiang,Bobbie O'Nion,30141.14001
East-414,Ozu,3 Buena Vista Point,Gunungkendeng,Dickie Satterly,53195.55243
East-415,Thoughtworks,47020 Brickson Park Avenue,Rivne,Livvy Liddicoat,45926.83641
East-416,Edgetag,788 Bellgrove Avenue,Trindade,Shara MacNaughton,29267.44145
East-417,Youtags,255 Lien Lane,Stari Kuty,Humphrey Samsin,51161.18916
East-418,Gabtune,989 Del Sol Street,Somita,Garrard Braizier,56529.98697
East-419,Trunyx,17 Alpine Point,Mkushi,Darnall Wilgar,21408.93281
East-420,Teklist,91179 Stang Street,Zagoryanskiy,Yorgo Lacy,437.6310171
East-421,Browsedrive,427 Bunker Hill Parkway,Cekcyn,Caroljean Finci,57673.63089
East-422,Demizz,85329 Montana Way,Ciduren,Theda Goede,32213.70889
East-423,Linktype,9 Memorial Street,Greater Napanee,Eustacia Langhor,6425.632799
East-424,Jabberstorm,0374 Eagan Junction,Manzë,Ailina Ceillier,9525.008345
East-425,Jaxworks,37722 Kennedy Terrace,Luksuhin,Almeria Grishagin,1902.405954
East-426,Aimbo,680 Monterey Point,Nanxindian,Tedman Bain,58074.95152
East-427,Jayo,900 Gerald Road,Keli,Margareta Alvis,30670.31957
East-428,Babbleblab,1639 Havey Pass,Luoxi,Jeff Spurryer,52824.98759
East-429,Ainyx,47 Barnett Plaza,Harbour Breton,Margeaux Bartoloma,24921.65243
East-430,Aimbo,951 Spenser Drive,Pelem,Helli Greiser,27482.1843
East-431,Vinte,7 Melvin Way,Granada,Claudius Spir,38418.26356
East-432,Quire,34 David Junction,Tønsberg,Heda Kemmer,10417.88402
East-433,Jetwire,258 Melby Parkway,Nam Kliang,Kalila O'Lunny,21011.98618
East-434,Kwinu,08 Delladonna Trail,Wilkołaz,Selinda Gonoude,49102.00195
East-435,Jatri,3 Delaware Alley,Drzewica,Arvy Mardle,48169.90214
East-436,Thoughtworks,1361 Boyd Drive,Sukadana Selatan,Derk Freake,13314.04556
East-437,Jabbercube,3035 Ilene Circle,Zhengyu,Etan Delamar,15362.70362
East-438,Ailane,0 Maywood Park,Koumac,Angelika Lisle,35205.14593
East-439,Gigazoom,4160 Vermont Drive,Mekarsari,Abey Peachment,26648.58559
East-440,Flashset,2 Fremont Point,Souto da Casa,Mari Peakman,4628.084326
East-441,Skivee,92799 Utah Place,Chugur,Seymour De Domenicis,43610.23153
East-442,Fivechat,445 Moulton Parkway,Nzeto,Gibbie Janjusevic,24887.09842
East-443,Rhyloo,03643 Spaight Circle,Nīca,Lemmy Gibben,22979.19048
East-444,Brightdog,020 Rusk Court,Paris 15,Lorant Tomasi,6004.216566
East-445,Kanoodle,06 Straubel Crossing,Mianduhe,Christal Dolman,43740.52566
East-446,Katz,30 International Center,Tianzishan,Francisco Allchin,33232.6228
East-447,Skivee,352 Forest Run Terrace,Yong’an,Moss Innot,21945.7317
East-448,Buzzdog,2316 Ruskin Point,Nancun,Duncan Dorling,6355.207578
East-449,Oozz,0 Riverside Circle,Maisons-Alfort,Walt Gilliland,2589.771037
East-450,Buzzshare,627 Moose Junction,Virolahti,Artus Burston,20781.76477
East-451,Flipbug,54 Mariners Cove Point,Jicomé,Byrle Mateuszczyk,33799.47342
East-452,Blogtag,5 Farragut Point,Beringin,Helenka Seery,29800.18541
East-453,Edgeblab,8821 Independence Court,Kostomuksha,Siana Curtin,45521.36647
East-454,Mycat,586 Buena Vista Trail,Essen,Corinna Kirsop,38850.49871
East-455,Riffwire,76 Independence Pass,Göteborg,Kristine Foxon,50167.7703
East-456,Camimbo,458 Goodland Parkway,Xinbao,Junette Cordie,55768.16348
East-457,Photobug,72 Di Loreto Way,Oula Xiuma,Granthem Barwis,25200.59528
East-458,Digitube,626 Hudson Circle,Nagrak,Auberta Aloshikin,12000.01094
East-459,Tavu,261 Columbus Avenue,Dajabón,Atlanta Moreland,37737.6209
East-460,Ntag,68 Milwaukee Center,Lyubertsy,Benjamen Frisdick,10662.21254
East-461,Fivechat,74 Eastlawn Way,Hongqi,Kippie Mallett,46908.64659
East-462,Vinte,4892 Steensland Street,Zelmeņi,Lishe Gatchell,48741.12835
East-463,Riffpedia,7 Jackson Place,Ábrego,Valery Gorgen,44884.13024
East-464,Katz,375 Charing Cross Hill,Mojolampir,Katha Gheorghescu,49451.72155
East-465,DabZ,9982 Center Street,Apatin,Adrian Wenzel,17582.32833
East-466,Youopia,8511 Dovetail Alley,Pushkino,Louisette Dransfield,9550.717449
East-467,Rhybox,8528 Westend Plaza,São Lourenço,Parsifal Uc,25495.08508
East-468,Rhyzio,86555 Rutledge Circle,Jetaral,Mattie Brennenstuhl,58033.4373
East-469,Feedbug,8 Nancy Place,Iida,Yardley Novic,30865.3969
East-470,Katz,081 Brickson Park Way,Évodoula,Torey Hurdidge,52251.49346
East-471,Dabjam,5 Farmco Crossing,Odivelas,Delbert L'oiseau,33142.72197
East-472,Gabvine,6 Prentice Circle,Kapuskasing,Lani Baytrop,8466.689027
East-473,Buzzshare,541 Orin Circle,Tatarka,Erich Holdren,2744.951721
East-474,Tagpad,689 Hauk Point,Tatarsk,Alejoa Dunbabin,49911.78805
East-475,Meejo,7 Scoville Crossing,Ibaraki,Phip Yushin,13807.45248
East-476,Linklinks,61 Kensington Drive,General Luna,Antonius Brewers,48265.46661
East-477,Roomm,3145 Chive Center,Elverum,Mallory Wermerling,13272.94671
East-478,Yacero,0730 Montana Avenue,Kidatu,Filia Woolfenden,50658.9267
East-479,Kamba,43 Westend Place,Pekijing,Carine Asel,25998.34865
East-480,Wikivu,11 Arrowood Junction,Debesy,Jordanna Broun,16386.93561
East-481,Eire,59 Trailsway Place,Châteauroux,Lorelle Blaza,52546.46417
East-482,Roodel,96248 6th Street,Sumaré,Tansy McGraw,18198.27861
East-483,Avavee,6239 Sullivan Court,Rancakole,Brittani Klesl,5470.798901
East-484,Demivee,8 Lillian Pass,Llanera,Rollins Tackett,44318.74821
East-485,Skynoodle,1 American Ash Parkway,Ciparasi,Daile Caughan,28238.56447
East-486,Latz,381 Mayer Point,Qaşr al Farāfirah,Mickie Habben,17520.10873
East-487,Divanoodle,5 Barnett Alley,Pemzashen,Ortensia McGovern,51294.60132
East-488,Kimia,7 Spohn Hill,Taposan,Imojean Jordanson,22835.48614
East-489,Skyndu,694 Golf Course Lane,Shangjin,Moore MacAlpine,23895.48169
East-490,Yoveo,65584 Schiller Park,Tempaling,Marlon Tyer,18097.46637
East-491,Wikibox,14 Pankratz Terrace,Granada,Bernie Hickinbottom,11593.01011
East-492,LiveZ,8 Prentice Street,Sendangrejo,Jimmy Budcock,50147.45587
East-493,Thoughtworks,75 South Point,Ōno-hara,Grete Swansborough,9672.005638
East-494,Jetpulse,7 Kenwood Junction,Mendes,Crissy Brigden,15888.11165
East-495,Twimm,8 Riverside Pass,San Miguel,Jacklin Caccavari,51708.75056
East-496,Skinte,97 Brentwood Alley,Yanhe,Beaufort Crumley,16149.48505
East-497,Babbleblab,24529 Atwood Pass,Patsi,Cassey Wickman,57994.04584
East-498,Meevee,00154 West Circle,Tsagaan-Olom,Susanne Servis,12957.86188
East-499,Brightdog,76372 Butternut Avenue,Huangbei,Giusto Lesurf,57058.81927
East-500,Yakijo,4 Gerald Circle,Bodø,Binky Mower,19503.58466
East-501,Riffwire,625 Gulseth Terrace,Chon Daen,Lyon Ghilks,13267.73585
East-502,Linktype,505 Gale Pass,Ōtawara,Naomi Rosenzwig,7266.832671
East-503,Tagfeed,76 Buell Plaza,Sadar,Corie Fadian,25430.93712
East-504,Twinder,20276 Banding Point,Dębe Wielkie,Sissie Casier,47743.72173
East-505,Kamba,9 Warrior Plaza,Nazaré da Mata,Jean Arington,28111.7579
East-506,Lazzy,43594 Prentice Pass,Ingå,Neils Vardie,21782.77216
East-507,Yombu,414 Meadow Vale Alley,Garibaldi,Alli Flexman,43857.36186
East-508,Cogilith,891 Knutson Way,Chubek,Elyn Saddler,18362.98942
East-509,Cogidoo,63 South Hill,Maia,Henryetta Alyonov,41520.3997
East-510,Browsezoom,36 Swallow Plaza,Fatualam,Evelina Bernaciak,11484.45565
East-511,Blogtag,2061 Katie Point,Sumberwaru,Domenic Kestian,31264.59138
East-512,Voolia,4447 Stoughton Hill,Hyattsville,Luella Ferrers,46262.53201
East-513,Twitterbeat,4 Spohn Circle,Santa Catalina - Dique Lujan,Con Noblett,57291.48563
East-514,Rhynoodle,6 Warbler Plaza,Sayaq,Thomas Skilton,31051.15023
East-515,Blogtags,03989 Westend Trail,El Real,Keelby Winsborrow,29648.98179
East-516,Thoughtsphere,2 5th Pass,Paradise,Demetris Cordy,31256.06567
East-517,Realblab,55 Hudson Parkway,Calabaca,Jule Jolliffe,50713.24932
East-518,Wikibox,6 Jackson Plaza,Lipník nad Bečvou,Beale De Brett,14836.97195
East-519,Cogibox,38 Anzinger Circle,Freetown,Dacie St Leger,49238.88285
East-520,Devshare,7 Norway Maple Center,Kansas City,Seth McGown,1095.794246
East-521,Brainverse,588 Shopko Place,Pohonsirih,Elora Laws,21627.76094
East-522,Feednation,09782 Iowa Park,Hebu,Buddie Ricarde,23837.1864
East-523,Jabbercube,2655 Waubesa Park,Marystown,Robinette Bleby,6796.613795
East-524,Thoughtworks,04690 Lien Lane,Néa Éfesos,Bel Poluzzi,3119.708034
East-525,Plambee,323 Burning Wood Way,Xiaoshan,Martelle Hackett,18589.00378
East-526,Demizz,2 Novick Crossing,San Agustin,Chrysler Drohun,58364.30622
East-527,Meevee,58 Clove Terrace,Naples,Bambi Chumley,26010.94931
East-528,Yakitri,59401 Carberry Avenue,Yujiao,Diane-marie Danit,58895.48524
East-529,Skidoo,773 Crownhardt Road,Daliuhao,Umberto Adelberg,29528.43385
East-530,Gabspot,340 Bobwhite Alley,Kinshasa,Peggi Boyack,28035.76708
East-531,Youspan,406 Hazelcrest Street,Tangyu,Zonnya Longrigg,17600.57911
East-532,Demivee,716 Nevada Circle,Kandana,Sergent Yeoland,10926.07918
East-533,Fivechat,54 Oneill Drive,Wudian,Nata Jan,20858.11546
East-534,Plajo,506 Helena Alley,Creighton,Liz Monck,56056.30269
East-535,Gigashots,549 Badeau Street,Leipzig,Stephannie Andrey,57925.13527
East-536,Tagcat,24830 Straubel Plaza,Sidomulyo,Dede Treffry,30034.05468
East-537,Bubblebox,662 American Avenue,Hecun,Ardath Saben,35514.72042
East-538,Edgeify,7680 Barnett Hill,Paris La Défense,Phebe Yallowley,9179.542836
East-539,Blognation,537 Golf View Pass,Bordeaux,Lauralee Kingswood,7275.501437
East-540,Kare,9 Meadow Valley Center,Montpellier,Madeline Levicount,56590.2489
East-541,Zoomdog,10 Duke Center,Su’ao,Barnabas Northbridge,43846.82341
East-542,Meeveo,79 Pepper Wood Center,Aradac,Leisha Deedes,57634.69437
East-543,Linktype,314 8th Way,Lusigang,Libbie Mutton,4637.92465
East-544,Dabfeed,6 Ryan Place,Mbumi,Edita Fudge,31870.92092
East-545,Dabjam,42 Northport Way,Venado Tuerto,Maxy Jackes,30800.34787
East-546,Yodel,3651 Cambridge Road,Horodyshche,Boyce Fearnside,33023.42529
East-547,Devpulse,67 Melrose Drive,Fuling,Lem Golthorpp,34240.19512
East-548,Thoughtsphere,49660 Springs Avenue,Serov,Maribel Tambling,44643.23531
East-549,Browsebug,38266 Green Pass,Yingta,Klarrisa Teenan,14084.28023
East-550,Gigashots,5266 Garrison Terrace,Balboa,Pascale Golsworthy,52320.61893
East-551,Gevee,7 Shopko Junction,Citambal,Mira Stock,55674.11173
East-552,Quimba,42870 Reindahl Drive,Sonina,Denver McFee,32158.5015
East-553,Rooxo,561 Eliot Crossing,Ilinden,Natasha Glew,54603.88571
East-554,Jaxspan,1053 Sutteridge Plaza,Muyuka,Alick Cawthorn,13805.99714
East-555,Yacero,42 Independence Trail,Bích Động,Emmanuel Farrall,31534.57626
East-556,Kwideo,9 Nova Park,Tuusniemi,Ninnetta Hadrill,27057.60542
East-557,Thoughtstorm,6 Duke Place,Pilar,Riane Glader,5906.968289
East-558,Quinu,67 Blue Bill Park Hill,Gyangqai,Frederick Kemball,7645.085007
East-559,Skyba,12926 Bunker Hill Avenue,Jinshandian,Frederich Bretherton,28804.8889
East-560,Devcast,34428 Magdeline Park,Araraquara,Jay Gebhardt,7943.339022
East-561,Flashspan,59 Schmedeman Drive,Mayisyan,Abraham Balk,43570.14581
East-562,Voolith,88295 Green Circle,Jiaxian Chengguanzhen,Serene Selwin,18275.3309
East-563,Linkbridge,865 Scott Point,Avignon,Tait Iglesias,20889.07298
East-564,Realcube,0 Delladonna Crossing,Cibodas,Barde Grass,40379.07565
East-565,Photolist,282 Walton Junction,Ōarai,Georgeanne Bestiman,33030.77013
East-566,Dabshots,6953 Mifflin Crossing,Hengqiao,Victoir Jemmett,4183.368193
East-567,Skibox,5522 Wayridge Court,Anulid,Ganny Beazleigh,32958.06578
East-568,Jaxspan,13965 Mayfield Point,Sanjiazi,Elaine Pettecrew,56551.06954
East-569,Yotz,30 Sundown Terrace,Logroño,Dionne Tschierse,53137.57801
East-570,Skyndu,64287 Oak Valley Pass,Anshan,Dasha Maffioletti,40810.48421
East-571,Rhyzio,258 Northview Trail,Nine,Swen Lecky,22325.63868
East-572,Eayo,81 Logan Point,Ajaccio,Ariella Rothman,28646.93975
East-573,Cogidoo,1039 Corry Road,Sel’tso,Teador Emlin,15748.08447
East-574,Yombu,64 Bayside Place,Bergen,Rycca Firebrace,50936.39795
East-575,Digitube,8829 Upham Pass,Mokil,Lucia Dener,23786.81609
East-576,Zooveo,3 Merchant Place,Bunog,Gwenore Alessandrini,6062.99242
East-577,Twitterbridge,0 Washington Place,Campos Novos,Gwennie Hinken,18141.60893
East-578,Fanoodle,35 1st Lane,Boracéia,Odilia Mackness,42213.08147
East-579,Dabjam,2 Di Loreto Parkway,Chaupimarca,Andros Simonnet,41222.64783
East-580,Topicware,448 Longview Place,Ouahigouya,Julienne Crumbleholme,13031.55938
East-581,Skalith,25253 Logan Court,Pumaqangtang,Emelyne Janny,26195.53022
East-582,Bluejam,5 Main Avenue,Al Majd,Buddy Whawell,33714.42799
East-583,Quinu,9769 Debs Center,Nóvita,Birgit Yesinov,1218.778964
East-584,Skalith,50 Graceland Road,Seredyna-Buda,Winny Spyby,58531.45052
East-585,Fivebridge,301 Debra Trail,Yartsevo,Stephanus Mourant,45829.13901
East-586,Realfire,57 Paget Way,Austin,Jacquelin Cowell,4250.693684
East-587,Skajo,33724 Brickson Park Place,Marau,Darsie Curton,32086.22332
East-588,Lajo,0 Blue Bill Park Street,Askersund,Selby Addinall,56279.84223
East-589,Omba,9 Grasskamp Street,Lipljan,Ulrick Januszkiewicz,58088.60724
East-590,Yodo,8 Nancy Plaza,Hualingang,Martie Wildgoose,41431.99864
East-591,Devshare,7045 Longview Court,Orléans,Dasya Panton,550.2252345
East-592,Aivee,4309 Prairie Rose Lane,Guohe,Rhoda Rudman,17216.98693
East-593,Youbridge,29361 Ridgeway Trail,Laiyuan,Claire Gentery,30507.83554
East-594,Skyble,25 Haas Court,Chicago,Dionis Fradson,24938.32069
East-595,Edgeblab,94 American Junction,Sumberarumkrajan,Hakeem Verbeek,13193.40883
East-596,Meevee,09 Mendota Avenue,Jēkabpils,Analiese Figgins,10481.83745
East-597,Zoonoodle,600 Sullivan Terrace,Lộc Bình,Mack Bruni,22069.92752
East-598,Kwinu,1686 Mccormick Terrace,Tangba,Tallia Fancutt,44751.05911
East-599,Kwilith,1662 Clemons Street,Sargodha,Clarita Linguard,15258.7026
East-600,Zooveo,518 Weeping Birch Pass,Nynäshamn,Timmy McAusland,58876.19723
East-601,Buzzbean,113 Arrowood Alley,Tongli,Bone Fitter,58673.99115
East-602,Vitz,5593 Westend Court,Zheleznodorozhnyy,Reba Thirwell,22169.20332
East-603,Fivechat,8 Cardinal Center,Puji,Corby Holt,19514.98624
East-604,Voomm,919 Welch Avenue,Sritanjung,Everett Handscomb,32746.44361
East-605,Omba,37 Di Loreto Court,Jingcheng,Cecilia Laville,58983.04334
East-606,Voomm,294 Little Fleur Center,Glória do Goitá,Carny Lilley,26823.68045
East-607,Devbug,4 Lunder Alley,Al Ghizlānīyah,Brant Titman,59413.81202
East-608,Vipe,8046 Shoshone Street,Neuzina,Garrot Tumelty,29802.6537
East-609,InnoZ,5 Logan Avenue,Abilay,Tildi Leijs,3920.407561
East-610,Katz,7769 Cascade Crossing,Espinho,Timmie Aves,40453.48807
East-611,Rooxo,2469 Anzinger Street,San Jose,Erv Semorad,51384.9439
East-612,Twimm,06181 1st Drive,Siluman,Jackquelin Dedon,18857.56268
East-613,Abata,0 Packers Parkway,Bāzārak,Almira Pendell,16356.67332
East-614,Fatz,560 Summer Ridge Hill,Natonin,Georgie Walthew,59586.74475
East-615,Shufflester,130 Summer Ridge Crossing,Quanzhou,Luelle Strelitz,54194.1095
East-616,Eayo,6869 Hagan Trail,Lasiana,Sutton Neave,51439.85055
East-617,Vimbo,409 Cordelia Place,Zhengguo,Jesse Wanstall,22125.51059
East-618,Voomm,82 Farwell Terrace,Nasielsk,Codee Nowlan,45814.28337
East-619,Twitterworks,0739 Spohn Pass,Lutian,Kaela Hainey,43395.17447
East-620,Thoughtbeat,072 Petterle Pass,Sélestat,Cynthy Coffin,49787.0902
East-621,Kwideo,03376 Jay Trail,Xiaojiang,Courtney Eastam,4159.908225
East-622,Skinix,24920 Boyd Alley,Sukorejo,Almeria Ferraraccio,32769.2202
East-623,Blogtag,5 Kinsman Crossing,Wongsorejo,Helaine De Michetti,48833.40793
East-624,Jaxworks,07 Tennyson Terrace,Bagadó,Rollie Jorczyk,21479.33361
East-625,Devcast,07672 Merrick Hill,Fort Abbās,Betty Pankethman,58157.80942
East-626,Teklist,087 Acker Crossing,la Massana,Germayne Highman,10822.87094
East-627,Eare,5 Corry Terrace,Jiworejo,Clemens Birtles,8084.146096
East-628,Kanoodle,0 International Pass,Cabanas,Eduardo Bruckstein,28700.83791
East-629,Thoughtblab,59 Bobwhite Road,Cisiih,Lancelot Beneze,42992.67171
East-630,Skaboo,398 Fisk Place,Kepahiang,Dannye Bonome,7735.683639
East-631,Realbridge,2901 Dennis Lane,Ubud,Antonina Osgerby,17462.59241
East-632,Edgeify,7 Vermont Park,Balzar,Donella Collister,51636.58307
East-633,Yakidoo,11 Dunning Alley,Rättvik,Wain Middell,25592.15689
East-634,Babbleblab,0689 Artisan Junction,Ebak,Carly Farndell,45348.46152
East-635,Skalith,2908 Scofield Way,Tarnowiec,Valry Skaif,12799.33297
East-636,Fiveclub,2 Westport Hill,Ayo,Nerissa Gumn,50393.97746
East-637,Midel,6 Elgar Avenue,Biguaçu,Marisa Cayle,45111.32782
East-638,Realfire,610 Oak Valley Way,Lipiany,Beret O'Coskerry,37493.89322
East-639,Eayo,14 Debra Street,Banyubang,Claudetta Enrrico,23038.96098
East-640,Divavu,1547 Banding Court,Zibu,Yulma McNaughton,1798.305306
East-641,Thoughtblab,0 Spenser Hill,Tynne,Joelle Varvara,40224.77547
East-642,Flipstorm,35 Morning Lane,Chengzhong,Gianina McMenamy,35464.76314
East-643,Gabvine,15 Cottonwood Center,Senador Pompeu,Fergus Di Carlo,3147.279853
East-644,Trudoo,9 Maple Pass,Demak,Ellis Burdon,6168.78199
East-645,Oyonder,7592 Logan Point,Hidalgo,Kristal Goodyear,2734.311591
East-646,Vipe,366 Sherman Point,Rancaerang,Rik Streader,11001.90279
East-647,Jayo,29385 Cambridge Place,Kraljevica,Serene Jaycocks,20998.30882
East-648,Tambee,6083 West Park,La Rioja,Sascha Simoncelli,41264.47725
East-649,Viva,45 Karstens Park,Quipot,Adelle Pensom,37046.89856
East-650,Buzzshare,88 7th Lane,Tālīn,Franciska Spellard,1502.964634
East-651,Riffpath,29253 Norway Maple Road,Gufeng,Carmita Karpf,16262.05415
East-652,Eimbee,5 Hermina Street,Situ,Ashlan Kitchenham,46535.56284
East-653,Buzzdog,18 Union Lane,Floreşti,Mindy Kohnert,32001.59734
East-654,Realbuzz,8 Anderson Parkway,Tabasalu,Leelah Siemianowicz,40350.43994
East-655,Yozio,4 Hayes Terrace,East Angus,Guilbert Murname,36379.35116
East-656,Yakijo,11004 Springview Park,Dongcheng,Jennilee Cavan,21007.41157
East-657,Topiczoom,47 Hovde Road,Kasangulu,Gilli Furmage,7355.959923
East-658,Gabtype,4870 Monument Junction,Tagog,Nevsa Atwell,32075.79577
East-659,Skinix,2 Onsgard Hill,Sangmu,Alasteir Mundee,5204.6112
East-660,Topiczoom,9164 Sugar Hill,Petropavlovskaya,Siegfried Greensmith,37051.57876
East-661,Buzzster,711 Melvin Circle,Nangela,Dan Ibarra,2309.945845
East-662,Wordpedia,1636 Clemons Street,Fuhai,Maribeth McKinnell,48003.88592
East-663,Innojam,6197 Atwood Drive,Ban Chalong,Alric Hardin,54479.60284
East-664,Zoomlounge,35454 Warrior Place,Türkmenabat,Gino Hafford,1595.139801
East-665,Fivechat,6 Sunnyside Place,Nangka,Rene Eskrick,57137.40049
East-666,Skipstorm,99254 Division Way,Kuštilj,Maxy Iannitti,43522.78421
East-667,Podcat,1 Grover Street,Marseille,Ange Burch,43546.59167
East-668,Abatz,42 Ohio Center,Rešetari,Jacquette Wyd,7683.173171
East-669,Yacero,7 Vera Crossing,Viso,Selie Fairburn,7073.214525
East-670,Zoovu,688 Dayton Circle,Banyupoh,Gerhard Stores,16313.59229
East-671,Thoughtstorm,580 Dunning Center,Bălţi,Margaux Eadie,15534.58133
East-672,Oloo,54 Mallory Crossing,Sarankhola,Lynelle Dunning,31230.79149
East-673,Rhycero,3 Bluejay Circle,Zhangxiang,Franzen Keeffe,50339.06737
East-674,Thoughtworks,91 Del Sol Center,Danchang,Corbett Penhalurick,2046.81625
East-675,Topiczoom,9 Corben Way,Vođinci,Eugine Rolinson,59720.242
East-676,Dynava,5 Bartelt Road,Loboniki,Theodora Clinkard,54178.58391
East-677,Jabbercube,4540 Summerview Street,Wangba,Devonne Haps,49131.96513
East-678,Cogibox,201 Sundown Crossing,Balayong,Hernando Meecher,38827.84995
East-679,Feedbug,857 Texas Drive,Svedala,Flinn Maly,23035.01023
East-680,Linkbridge,6844 Claremont Center,Rongxi,Etienne Job,27543.80982
East-681,Wikivu,9 Twin Pines Lane,Nancheng,Gilemette Lamdin,23111.80175
East-682,Flashspan,11624 Steensland Trail,Sindong,Alfonso Pattington,9584.886065
East-683,JumpXS,4 Del Mar Alley,Cavaillon,Paolina Spancock,47076.06175
East-684,Bluezoom,7 Sheridan Drive,Nangkasari,Garrett Kinny,13811.38221
East-685,Youopia,67 Porter Alley,Gading,Libbi Peron,615.438884
East-686,Voonyx,49372 Esch Circle,Kota Kinabalu,Ernst Brede,35037.41943
East-687,Jaxnation,04 Del Sol Lane,Villamaría,Aggy Tripon,4106.097962
East-688,InnoZ,75 Sunbrook Pass,Pakemitan,Farica Mainds,5846.792132
East-689,Thoughtstorm,59194 Rockefeller Court,Saint-Maur-des-Fossés,Catie Mosdill,5961.689474
East-690,Yadel,87028 Badeau Alley,Texistepeque,Krissy Spancock,29898.30822
East-691,Yamia,2763 Lunder Trail,Bilalang,Nico Shakeshaft,13446.10218
East-692,Divape,2560 Lakewood Gardens Trail,Ponikiew,Perl Checklin,12039.20161
East-693,Bluejam,113 Johnson Road,Cisagu,Nike Bullar,51735.72128
East-694,Blognation,4 Brentwood Plaza,Pushkino,Bartlet Jansey,33317.43354
East-695,Cogibox,9 7th Road,Ikryanoye,Miranda Abrahm,8330.215865
East-696,Oloo,81192 Talisman Avenue,El Matama,Lorena Elintune,40195.289
East-697,Linkbridge,82971 Gale Drive,Monjarás,Cary Rives,38189.54177
East-698,Viva,07438 Toban Parkway,Río Grande,Rudd Dannohl,28188.24811
East-699,Avavee,28988 Iowa Court,Funchalinho,Mischa Swanborrow,44364.59109
East-700,Avavee,3 Eagan Avenue,Dongjiang Matoukou,Petrina Sissot,31759.79199
East-701,Topicstorm,00586 Declaration Alley,Malvinas Argentinas,Dale Banting,18346.65283
East-702,Browsezoom,57401 Center Street,Bertioga,Zabrina Node,24455.40678
East-703,Skimia,253 Northwestern Terrace,Haokou,Wyatt Iorizzo,39171.50201
East-704,Minyx,2277 Delaware Drive,Budapest,Vale Davidsen,39209.21064
East-705,Topicblab,5 Sunbrook Court,Chernelytsya,Billy Wimpeney,48034.90489
East-706,Voonix,00320 Coolidge Drive,El Potrero,Chad Sueter,119.3168654
East-707,Jaxspan,95 Sloan Way,Roxas,Clarinda Free,36752.81983
East-708,Avamba,4875 Butterfield Point,Yuquan,Sherlocke Paxforde,19904.97177
East-709,Centidel,50 Badeau Drive,Basicao Coastal,Ilsa Odgers,4179.48323
East-710,Einti,218 Boyd Street,Viline,Gisele Degoe,30572.57716
East-711,Quatz,1759 Sullivan Trail,Nawābganj,Kali Fryd,54933.71649
East-712,Yakitri,91014 Park Meadow Court,Dahu Satu,Matthew Barwell,6947.070215
East-713,Buzzshare,9359 Eliot Road,Verkhneye Kazanishche,Garry Ollin,13864.14725
East-714,Leexo,1045 Chinook Place,Ciracap,Nyssa Lehr,38783.00811
East-715,Flipbug,69093 Division Drive,El Vigía,Eba Currey,41878.37412
East-716,Yodel,3 Larry Park,Noling,Ed Hiland,20130.8632
East-717,Innojam,4524 Dunning Road,Orizari,Emilia Pittoli,34950.80983
East-718,Roombo,4 Northport Place,Blagoveshchensk,Haily Campos,24867.11725
East-719,Twinder,6 Blue Bill Park Hill,Arzakan,Blakeley Sings,47806.30831
East-720,Kaymbo,3 Carberry Place,Yunguyo,Wenonah Purkess,424.0719521
East-721,Demimbu,2 Division Pass,Hedong,Rolando Bice,28833.66539
East-722,Skyvu,6546 Cody Trail,Polo,Bunny Sylvester,15900.71375
East-723,Brainverse,5 Morrow Parkway,Bandeirantes,Omar Ensten,42900.77317
East-724,Skaboo,74 Mandrake Place,Jönköping,Joeann Costin,46590.82581
East-725,Dabjam,9828 Lien Parkway,Longshan,Sofie De Hooch,59607.60019
East-726,Skyndu,4966 Orin Pass,Wangba,Glad Heales,28731.06878
East-727,Devshare,9253 Namekagon Crossing,Namasuba,Bradford Tolhurst,26929.28431
East-728,Rhyzio,40492 Manufacturers Junction,Olivia,Jackson Creswell,48244.48534
East-729,Midel,414 South Parkway,Shuiji,Lind Orum,45964.84902
East-730,Kazu,0818 Oriole Pass,Phu Kam Yao,Lyell Danilyuk,6595.12621
East-731,Nlounge,84114 Westridge Pass,Dayin,Brockie Keenleyside,16259.87071
East-732,Talane,66 Sauthoff Hill,Pulosari,Dwight Summerside,7966.051112
East-733,Twitterbridge,3270 Eagle Crest Way,Sarajevo,Osgood Jennings,2159.852847
East-734,Jayo,43 Loftsgordon Center,Buenavista,Ignacius Skelhorn,10514.98978
East-735,Rhynyx,2 Mallard Plaza,Gamut,Giuditta Elvin,55117.25248
East-736,Minyx,75 Victoria Parkway,Oslomej,Feodora Tapping,48283.2349
East-737,Babbleblab,654 Lien Plaza,Hepang,Nolly Duffit,31734.67183
East-738,Plambee,64374 Stephen Crossing,Novo Hamburgo,Tobi Dolphin,42364.84701
East-739,Skyndu,17 Raven Parkway,Gajiram,Rivkah Staresmeare,30210.58677
East-740,Wikizz,7 Green Ridge Pass,Punsu,Gray Chesters,35832.0234
East-741,Einti,227 Little Fleur Hill,Bagong Barrio,Domenic Lille,55129.447
East-742,Fliptune,495 Farmco Trail,Angasmarca,Tatum Alsina,6360.036356
East-743,Devpulse,45569 Algoma Pass,Aghajari,Korry Sparkwell,57726.27289
East-744,Photolist,978 Kropf Crossing,Xiaoyue,Katee Spellar,3830.785551
East-745,Tagtune,6668 Heffernan Alley,Ketanggungan,Merrilee Gollin,31548.76297
East-746,Ozu,216 Trailsway Court,Bonga,Homer Scala,14595.22085
East-747,Tazz,36426 Logan Hill,Cruz Alta,Kingsly Hollingshead,59421.17493
East-748,Babbleblab,64383 Darwin Parkway,Oslo,Gwynne Philpotts,907.088962
East-749,Zoomcast,8422 Quincy Court,Vidin,Jerrie Brantl,41865.22888
East-750,Eamia,586 Ridgeview Plaza,Järna,Ferris Palfrie,22290.62582
East-751,Minyx,83 Oxford Park,Bayan Hure,Abbey Camacho,21730.62197
East-752,Lajo,589 Mcbride Parkway,Hezuo,Rozele Lombardo,47019.66657
East-753,Jaloo,08265 Iowa Street,Podstepki,Clim Carmo,27438.78819
East-754,Zoombeat,88949 Esker Pass,Catabola,Mervin Hastings,38520.78352
East-755,Reallinks,3 2nd Way,Pālang,Spike Ludewig,9580.18619
East-756,Dabfeed,2141 Crownhardt Junction,Huaquillas,Niccolo Tomsen,33585.66305
East-757,Wikibox,0 Buell Court,Jaro,Gino Carrier,13833.9462
East-758,Skalith,48 Darwin Street,Dumalinao,Hillary Lamperti,17730.36776
East-759,Voonyx,7 Larry Avenue,Pandian,Ludovika Woodwin,21030.54878
East-760,Agimba,30 Bonner Street,Nyrob,Rory Laflin,48312.39966
East-761,Jabbertype,1604 Washington Road,Anserma,Flynn Lindblom,21629.38452
East-762,Shuffledrive,41423 Glacier Hill Lane,Sumberrejo,Fredrika Alison,15887.10019
East-763,Roomm,09374 Oneill Junction,Fuente de Oro,Ayn Whittingham,176.0175528
East-764,Wordtune,14 High Crossing Lane,Shanggan,Alethea Sheron,4158.719794
East-765,Shufflebeat,76 Forest Run Parkway,Wichita,Rosina Malia,57014.86161
East-766,Tazzy,4777 Luster Point,Koba,Dorie Dempster,47791.84414
East-767,Rooxo,301 Service Parkway,Banī Suhaylā,Jaquelyn Whiley,52781.21443
East-768,Blogpad,422 Hazelcrest Plaza,Chengdu,Antonio Burnes,16315.89843
East-769,Chatterpoint,3 Muir Alley,Télimélé,Loralee Mengo,42690.21667
East-770,Rhycero,82381 Algoma Alley,Tigre,Henri Yeates,45804.61544
East-771,Quire,58775 Kipling Court,Uchaly,Nevin MacGorrie,13045.06857
East-772,Realbridge,8 Emmet Parkway,Palmeiros,Lucy Theze,43970.77406
East-773,Dabtype,441 Westend Center,Íasmos,Patrick Drewitt,37528.95739
East-774,InnoZ,2850 Forest Run Court,Bungbulang,Shirlene Coker,31053.56833
East-775,Yodo,3302 Bunting Park,Bieliny,Leandra Isworth,11970.44084
East-776,Lazzy,2441 Emmet Junction,Lagoa,Sawyere Lawless,10674.08813
East-777,Flipstorm,92 Twin Pines Plaza,Pekuwon,Charley Carlozzi,49505.16571
East-778,Bluejam,32 Starling Junction,Wielichowo,Lyndel Leftbridge,2780.942834
East-779,Zoozzy,67 Bay Trail,Banjing,Helsa Minchinden,57103.40556
East-780,Jaloo,85 Kennedy Lane,Casa Nova,Nataniel Fernandes,1431.513781
East-781,Omba,631 Maple Hill,Cibunut,Darrelle Lantoph,2745.617177
East-782,Teklist,8 Packers Avenue,Logan Lake,Nichols Planke,26969.62988
East-783,Rhynoodle,151 Barnett Way,Nakano,Tasia Branchflower,46289.60673
East-784,Realcube,75 Oneill Lane,Troyes,Maurits Barles,28937.37183
East-785,Gabvine,5 Crownhardt Parkway,Åtvidaberg,Leanna Maddox,48104.72039
East-786,Livepath,0 5th Park,Pontang Tengah,Yevette Espinho,56211.77609
East-787,Zoonder,5 Amoth Road,Kakamas,Pattin Mixture,34430.82139
East-788,Pixonyx,566 Eastwood Junction,Sukpak,Corabel Lillywhite,51422.71899
East-789,Tagchat,038 Beilfuss Plaza,Karanggintung,Gabrila Downey,18797.88897
East-790,Demivee,746 Bashford Point,Janakkala,Sara Rzehorz,10794.49373
East-791,Dabfeed,44 Gulseth Center,Daxindian,Dougie Palfery,5997.171286
East-792,Kazu,48036 Petterle Parkway,Wilmington,Lea Littlepage,45165.01141
East-793,Photobug,652 Di Loreto Trail,Bukavu,Sinclare MacKintosh,25212.25779
East-794,Devshare,68714 Artisan Park,Město Albrechtice,Renata Marikhin,10261.23414
East-795,Centidel,15 Waywood Pass,Chelles,Arlene Gerleit,8221.850005
East-796,Browsecat,27 Lindbergh Drive,Blagoveshchensk,Robinet Serfati,47300.18207
East-797,Layo,9 Lerdahl Parkway,Dukuh Kaler,Bobette Gerrey,42352.10537
East-798,Browsedrive,15274 Ridge Oak Junction,Olyka,Kariotta Fairholm,30991.71821
East-799,Buzzbean,8 Melby Trail,Uherské Hradiště,Colene Dispencer,34539.67901
East-800,Cogibox,82 Onsgard Lane,Abbotsford,Gery Wollen,1722.674243
East-801,Oyoba,7494 Oak Valley Lane,Imulolong,Buddie Barneville,50024.36904
East-802,Twitternation,844 Dixon Avenue,Cluny,Isabelle Yakushkin,6239.991951
East-803,Devbug,3668 Kennedy Junction,Fratar,Vevay Fagg,33353.82321
East-804,Jabbersphere,9 Macpherson Park,Fort Wayne,Wait Creamen,14660.28778
East-805,Blognation,9 6th Avenue,Masaran,Lamond Lathleiff,19363.83978
East-806,Twitternation,3 Larry Park,Madolenihm Municipality Government,Kessiah Newart,49653.55077
East-807,Youbridge,500 Hovde Way,Dado,Phillipp Twopenny,20801.91893
East-808,Photospace,67 Anthes Road,Qindu,Tye Liggins,27563.98385
East-809,Feedfish,56879 Elka Place,Chenguang,Sayers Franken,49097.85642
East-810,Vitz,1358 Carioca Avenue,Xiping,Elisabetta Cosins,11793.5337
East-811,Thoughtbeat,1128 Monterey Trail,Carvalheira,Reagan Kleinber,17778.21052
East-812,Brainbox,7 Clarendon Terrace,Chorkówka,Araldo Mulrenan,20388.30565
East-813,Latz,3130 Merrick Plaza,Modis,Desiri Hulls,52533.46865
East-814,Thoughtmix,00 Farwell Terrace,Budziszewice,Adolf Tweedlie,5581.451956
East-815,Mycat,9963 Portage Avenue,Slobozia,Sam Dobbison,26490.00197
East-816,Skippad,3 Myrtle Drive,Chongjin,Ewart O'Doireidh,10891.64748
East-817,Meejo,2772 New Castle Parkway,Melgar,Olly Baldassi,1453.429011
East-818,Dynazzy,135 Roxbury Place,Hedi,Ingram Kordovani,12294.93946
East-819,Eire,745 Little Fleur Street,Sikur,Thomasin Mowson,19437.96957
East-820,Twinder,0 Dryden Court,Jūrat ash Sham‘ah,Jemimah Hackey,7956.07498
East-821,Browsedrive,3147 Old Shore Pass,Qizili,Teena Adnam,8039.796022
East-822,Buzzster,6 Sutherland Street,Susanino,Maddie Dugan,46034.72851
East-823,Livetube,45128 Packers Drive,La Paz,Briney Tyrwhitt,54558.32394
East-824,Twitterbeat,6 Orin Center,Sobreira,Heinrik McLagain,55198.43512
East-825,Quamba,272 Cambridge Lane,Mensalong,Gasper Ambrogini,46734.09751
East-826,Bluezoom,2 Westport Terrace,Tartagal,Karlee Trowl,3247.815455
East-827,Realmix,37210 Rusk Pass,Eksjö,Selig McKague,13559.05764
East-828,Divanoodle,1241 Arkansas Circle,Penalva de Alva,Broddie Bamblett,28513.66097
East-829,Mymm,9016 Crescent Oaks Center,Union,Tailor Goodger,24664.24329
East-830,Gevee,59 Mifflin Drive,Bayt Liqyā,Kath Haywood,14209.23273
East-831,Ntag,198 Eagan Crossing,Anliang,Madelena Budnik,59710.926
East-832,Skinte,75 Mallard Way,Al Qurayn,Ricoriki Bierling,15247.26613
East-833,Zoonoodle,434 Elgar Junction,Pozo Hondo,Agatha Flowitt,10741.79081
East-834,Aimbo,34643 Sauthoff Parkway,Vredenburg,Kathrine Bryceson,53525.5522
East-835,Wikizz,7116 Menomonie Hill,Aix-en-Provence,Craggie Cheavin,33936.39267
East-836,Topicstorm,5899 Cardinal Place,Brooklyn,Bertha Cavilla,12950.2696
East-837,Gigaclub,91154 Arizona Lane,Kotabaru,Willey Cuxon,41961.84753
East-838,Skimia,4 Melvin Hill,Debrzno,Arliene Groucutt,44665.45251
East-839,Fivespan,1280 Village Green Trail,Hlyboka,Hillard Robelin,37672.71984
East-840,Myworks,35 Colorado Terrace,Iralaya,Shaun Cattonnet,21528.92607
East-841,Tavu,6265 North Court,Nyanza,Humphrey Scopyn,46250.06171
East-842,Photofeed,79 Mosinee Parkway,Petrodvorets,Claudius Britland,42843.75222
East-843,Teklist,75 Crest Line Street,Xianghu,Thelma Ironmonger,4909.160933
East-844,Podcat,0799 Hayes Point,Hamburg Bramfeld,Innis Sullivan,8226.886031
East-845,Kwinu,249 Basil Court,Xieba,Dinah Houdhury,10954.6434
East-846,Thoughtbeat,3 Talisman Hill,Stalbe,Yul Tather,44836.25141
East-847,Mita,41303 Grim Place,Ḩarīb,Karole Gray,58089.58603
East-848,Linktype,8 Mallard Street,Glinojeck,Griff Janiak,19737.88897
East-849,Trilith,4644 Canary Plaza,Xinjian,Chanda Munford,33201.47641
East-850,Gevee,99200 Twin Pines Park,Tsagaan-Owoo,Jeniece Southerill,23156.94577
East-851,Twitterwire,97 Hollow Ridge Terrace,Klayusiwalan,Xavier Phethean,7055.72485
East-852,Quatz,4888 Lerdahl Place,Idi Rayeuk,Karlee Bilbee,22404.29247
East-853,Skalith,25 Sundown Parkway,Ḏânan,Brandea Markson,42625.22884
East-854,Voolia,968 Rutledge Crossing,Telangi Satu,Orran O'Scully,4417.148934
East-855,Meetz,334 Fieldstone Terrace,Recarei,Gus Rodenhurst,45481.52201
East-856,Twitterbeat,49 Troy Court,Zhougang,Kelcie Walton,12761.65387
East-857,Dabtype,990 Corry Street,Sharīfābād,Daphna Hedingham,33610.67595
East-858,Twitterworks,32 Steensland Point,Cigalontang,Kimball Crowd,10812.18896
East-859,Skiba,465 Redwing Circle,Umbuldamar,George Spiller,52491.48806
East-860,Chatterbridge,0652 Waubesa Junction,Macas,Leanora Stickens,7658.6932
East-861,Voonix,01 Barby Circle,Sadar Bazar,Marylynne McGarva,50385.87309
East-862,Trupe,0122 Hagan Street,Barotac Nuevo,Mitchael Covely,27296.27282
East-863,Oba,0 Mayfield Terrace,Calatrava,Savina Roblou,23471.59382
East-864,Gabvine,3996 Sycamore Lane,Kelīshād va Sūdarjān,Lorne Craigg,45081.58251
East-865,Pixonyx,31 Anhalt Place,Qinling Jieban,Tristan Kamenar,41367.05097
East-866,Thoughtworks,31 Atwood Alley,Julayjilah,Kelbee Braxton,10387.10468
East-867,Brainverse,213 Maywood Point,Bonriki Village,Winn Driscoll,55443.53465
East-868,Izio,6 David Road,Taraš,Conn Allward,21696.36444
East-869,Flashpoint,1 Holy Cross Park,Cabo Frio,Ingrim Bratley,28518.69494
East-870,Edgewire,66821 Shelley Crossing,Kasamwa,Tilly Hatwell,22487.36752
East-871,Aimbu,26770 Oneill Street,Sunan,Eugen Figiovanni,31417.26553
East-872,Mybuzz,05 2nd Drive,Montauban,Lenna Chatan,1207.414638
East-873,Rhyloo,6897 Corben Alley,Sahline,Marnie Hourstan,8261.369726
East-874,Quatz,1 High Crossing Point,Brest,Hillary Gellibrand,27906.28664
East-875,Cogidoo,2842 Westport Pass,El Colorado,Tremayne Reinisch,24440.00287
East-876,Skiba,84 North Hill,Babasakhib,Corey Cannam,51226.87198
East-877,Skippad,4965 Eliot Crossing,Ribeirão Pires,Marge Leale,44176.55194
East-878,Kwideo,0 Londonderry Park,Beaumont,Rhianon Blaksley,39140.83721
East-879,Jabbercube,21484 Dayton Lane,Bohai,Cthrine Gallacher,6001.534101
East-880,Twitterworks,36181 Hollow Ridge Crossing,Yangjinzhuang,Chris Grinaugh,2196.770105
East-881,Edgetag,79501 Haas Center,Morfovoúni,Blair Packer,10110.45198
East-882,Camimbo,90 Meadow Ridge Alley,Paços,Dominique Thickpenny,3121.729445
East-883,Pixoboo,6 Logan Circle,Huolianpo,Vlad Izatson,48186.3215
East-884,Flipopia,3 South Lane,Joypur Hāt,Nissie Guisler,12004.59725
East-885,Oyope,5 Glacier Hill Pass,Morales,Peta Tulk,49315.22159
East-886,Yakijo,56368 Almo Way,Baranowo,Reinhard Strognell,7275.108747
East-887,Devpulse,9710 Stoughton Drive,White Rock,York Kolushev,36722.91491
East-888,Youtags,17536 Hoepker Crossing,La Jicaral,Dalis Jubb,12280.18297
East-889,Kanoodle,39086 Artisan Place,Conde,Corby Turfitt,19430.41488
East-890,Vipe,373 Larry Court,Baltimore,Essy Osbourne,4656.277815
East-891,Topicstorm,358 Cardinal Center,Abuko,Marin Ruscoe,25156.86659
East-892,Leexo,70 Maywood Court,Hongqi,Brander Asbery,40081.37822
East-893,Roomm,13924 Wayridge Crossing,Bianxiong,Goober Smidmoor,33278.85323
East-894,Skiba,03 Buena Vista Junction,Liuheng,Ferguson Hansod,6161.476096
East-895,Mydeo,09372 Bartillon Lane,El Zapote,Lib Marcham,19552.86765
East-896,Gabtype,706 Fulton Junction,Pankovka,Inessa Howells,51669.38546
East-897,Lazz,09730 Victoria Parkway,Onan Ganjang Satu,Leeanne Wadley,44490.50722
East-898,Jayo,8796 Crownhardt Place,Cilentung,Wendeline Verriour,52006.65229
East-899,Devify,91589 Vernon Street,Rio de Mouro,Victoria Elham,21901.34974
East-900,Yamia,330 Monica Parkway,Tsalgar,Felipe Pantry,14103.13341
East-901,Youtags,77 Scofield Drive,Toyohama,Bernadette Zelland,32452.89521
East-902,Oyonder,19842 Paget Terrace,Yangchun,Dawn Lincoln,46430.21008
East-903,Thoughtstorm,84993 Grim Pass,El Nido,Koren Ketts,3935.120268
East-904,Skinix,97 Northridge Parkway,Kashiwazaki,Hernando Stanfield,37921.40117
East-905,Jaxbean,80 Bluestem Terrace,Leiria,Ralph Norgate,48727.43887
East-906,Skipstorm,9014 Di Loreto Junction,La Carlota,Lilllie Blakeborough,4433.950025
East-907,Photobug,2 Garrison Road,Kacangan Lor,Pauline Genney,36267.73015
East-908,Oyondu,0322 Corscot Hill,Tanggungrejo,Olin Stonehouse,36639.35103
East-909,Linktype,9463 Ridgeview Way,Xiangzhu,Jenna Saurin,679.8952486
East-910,Edgeclub,65536 Cascade Street,Tangalla,Marrissa Rubenfeld,2384.344667
East-911,InnoZ,1236 Atwood Way,Changhao,Saraann Hazel,36896.02954
East-912,Photobug,359 Lakewood Gardens Terrace,Bilicenii Vechi,Ralf Woodrow,27870.33835
East-913,Photobean,4818 Talmadge Circle,Novi Slankamen,Lorine Bramley,22960.64901
East-914,Yacero,5 Dottie Street,Sukasirna,Dieter Hamments,47632.34401
East-915,Geba,576 Dakota Point,Chengdong,Damon Clemenzi,24812.55971
East-916,Flashpoint,19102 Tomscot Plaza,München,Angelo Leeb,25711.57218
East-917,Zoonoodle,0165 Brickson Park Center,Tiadiaye,Pall Leeson,10149.18757
East-918,Ntag,9443 David Court,Struga,Irina Baress,23728.81763
East-919,Divavu,75038 Eliot Hill,Borås,Diane Pyffe,59691.46901
East-920,Blognation,99708 Valley Edge Pass,San Juan de la Maguana,Winona Housegoe,42726.05529
East-921,Skippad,2 Monterey Avenue,Bello,Andy Worthington,5548.922523
East-922,Lajo,49501 Lakewood Pass,Bobon,Maxwell Austick,28189.26044
East-923,Jamia,40 Lake View Road,Baoquanshan,Ellis Coady,1490.725661
East-924,Eazzy,6 Service Place,Khanāşir,Bill Pragnell,6919.858873
East-925,Dablist,7 Eggendart Plaza,Adirejo,Elle Titley,47363.08434
East-926,Brightbean,01871 Stephen Point,Uglegorsk,Ranee Willoughby,55180.68924
East-927,Katz,01688 Spenser Crossing,Montfort-sur-Meu,Stormi Stansbie,32660.14746
East-928,Skinix,6231 Continental Terrace,Valejas,Elmira Delatour,34930.52544
East-929,Browsetype,8836 Heath Center,Wujingfu,Serene Toope,1287.896459
East-930,Photobean,61 Vernon Lane,Sergio Osmeña Sr,Morganica Blissett,5378.765151
East-931,Realmix,59 Utah Lane,Duas Igrejas,Damita McGairl,25915.64081
East-932,Jamia,4171 7th Avenue,Nikolayevka,Gertrude Gooday,39996.41121
East-933,Camido,7 Drewry Pass,Cabeço de Vide,Debra Brashier,37041.86957
East-934,Eimbee,4 Almo Junction,Masparrito,Chrystel Dealey,5431.894471
East-935,Zooveo,73 Prairieview Junction,Moscow,Magdalen Paxforde,15675.9741
East-936,Wikido,75 Del Mar Lane,Tô Hạp,Charles Kynston,19901.54155
East-937,Demizz,665 Mifflin Avenue,Kusatsu,Arne Geggus,48325.50737
East-938,Vidoo,51421 Grayhawk Place,Jinsha,Brittaney Armour,629.8081386
East-939,Fanoodle,24891 Ridgeview Drive,Carodok,Nickola Tunbridge,6497.447928
East-940,Fivechat,9280 Thackeray Trail,Shanhaiguan,Mortimer O' Donohoe,47703.53159
East-941,Roomm,6 Oneill Hill,Ho,Agnes Haygreen,25553.57927
East-942,Edgeclub,6143 Lukken Parkway,Sukogunungkrajan,Chloris Flannery,46909.27598
East-943,Leexo,48426 Glendale Drive,Ramos West,Yul Chark,53349.65704
East-944,DabZ,73 Center Parkway,Har Nur,Darsey Feander,11012.01629
East-945,Devify,9 Forest Dale Alley,Nuevo Arraiján,Cassie McDell,47584.10011
East-946,Wikivu,4 Moulton Terrace,Paris 01,Melisent Roath,50312.62915
East-947,Shuffledrive,816 Debra Point,Masohi,Tynan Battye,8672.363415
East-948,Wikivu,070 Mosinee Crossing,Tanjungkerta,Nils Hue,54233.78892
East-949,Kare,9594 Carpenter Park,Magog,Hy Goater,55315.05474
East-950,Fivebridge,3 Bay Parkway,Shu,Malorie Iacovino,32282.48172
East-951,Demivee,4 Oxford Hill,Guantian,Swen Andrioletti,25267.94963
East-952,Twitternation,163 Rigney Plaza,Youshan,Birgitta Sillett,8512.375042
East-953,Linkbuzz,844 Golf Crossing,Mainri,Franny Heape,26267.52564
East-954,Realfire,4975 Blaine Avenue,Ohrid,Grantham Jandl,42383.44441
East-955,Wordify,03526 Morning Place,Adolfo Lopez Mateos,Poppy Klimentyonok,14659.62998
East-956,Fatz,3768 Troy Trail,Bangus Kulon,Fiona Dodd,55901.07628
East-957,Kazu,8321 Vahlen Street,Lloydminster,Lindsay Lindsley,47344.57953
East-958,Demimbu,864 Longview Pass,Xinglong,Artair Gladhill,52965.9704
East-959,Buzzdog,18 Browning Place,Buenos Aires,Reginauld Lorryman,22013.50149
East-960,Devpoint,1 Brickson Park Pass,Bang Mun Nak,Farly Davidou,6561.110982
East-961,Meemm,8801 Springview Terrace,El Charco,Lazare Squibb,8538.782851
East-962,Kazio,82 Derek Court,Cupira,Querida Bramsen,46882.28004
East-963,Flashset,2764 Sommers Court,Glad,Skip Crocetto,56249.23161
East-964,Ozu,9 Hagan Hill,Słotowa,Evvy Purcell,32958.56656
East-965,Jayo,1 Gina Way,San Antonio,Selma Banbridge,38832.17816
East-966,Yambee,23 Delaware Hill,Hanyin Chengguanzhen,Elberta Skellorne,34650.9426
East-967,Brainbox,6965 Lakewood Crossing,Staritsa,Brenden Gilchrist,37507.21673
East-968,Devshare,04 Sage Road,Carpenter,Domingo Carlsen,35812.46555
East-969,Twitternation,1 Transport Pass,General Pico,Drona Dimond,22403.95199
East-970,Tagopia,21 Hayes Way,Falkenberg,Sophi Norcock,11559.98521
East-971,Avavee,07 Manley Avenue,Parigi,Seana Vice,55410.18472
East-972,Tagopia,1866 Esch Pass,Kathmandu,Ricky Davidai,18681.95694
East-973,Voonyx,4 Toban Road,Cukanguncal,Selie Torritti,52962.81634
East-974,Blogtags,23705 Susan Center,Kalapanunggal,Bay Landal,57177.20522
East-975,Yodel,6 Starling Place,Xinzhan,Artemis O'Hallihane,33363.45124
East-976,Skinder,73383 Shoshone Point,Mosteiro,Dael Scritch,14752.88815
East-977,Yodo,08 Bluestem Junction,Puerto Rico,Lesli Kobus,49167.69778
East-978,Flashset,6 Carey Center,Al Qanāyāt,Weylin Menaul,46978.68627
East-979,Wikizz,08 Ilene Alley,Shapa,Gaelan Krienke,23853.23499
East-980,DabZ,95 Randy Alley,Kawm Umbū,Carly Linch,51544.24093
East-981,Jaxbean,41 Blackbird Street,Bagay,Lambert Pitrelli,28306.06797
East-982,Tavu,21579 Anniversary Avenue,Dlemer,Cherye Scoone,12672.27684
East-983,Digitube,877 Grover Avenue,Chocos,Sauveur Maunsell,55152.74476
East-984,Browsebug,69 Warrior Avenue,Shiziqiao,Drucy Chettle,12702.74153
East-985,Rhynoodle,539 Sycamore Parkway,T’azagyugh,Bernhard Makeswell,34143.55734
East-986,Dablist,69266 Muir Trail,Linpu,Bellina Shrubsall,20276.7378
East-987,Vidoo,1673 Pawling Park,Livorno,Theodosia Ree,53977.44353
East-988,Fivebridge,733 Summer Ridge Parkway,Palaiseau,Stavro Dulin,16961.42072
East-989,Yakijo,23808 Towne Parkway,Budënnovsk,Regina Britch,54613.59666
East-990,Meezzy,605 Rusk Street,Taoyuan,Sherwin Bradder,17756.50738
East-991,LiveZ,400 Clyde Gallagher Trail,Tigil’,Rhodie Tofanelli,40612.21635
East-992,Topicblab,455 Graceland Avenue,Kladruby,Laurel Loody,8506.799587
East-993,Skiptube,72135 Maple Wood Lane,Spodnja Hajdina,Bernetta Malkinson,27611.51405
East-994,Devify,3 Hauk Parkway,Sobreiro,Winthrop Kennicott,26338.40394
East-995,Vimbo,31 David Road,Santa Lucía Cotzumalguapa,Barri Grishenkov,36676.12593
East-996,Vidoo,2 Oak Valley Drive,Kemang,Bernhard Isakson,1774.754989
East-997,Meezzy,194 Melby Lane,Jinglongqiao,Randi Hefferan,42582.04108
East-998,Fivechat,80328 Erie Way,Alegrete,Arvy Redparth,32385.74439
East-999,Podcat,4 Harper Way,Xuguang,Staci Bullough,32825.33775
East-1000,Oozz,31 Roth Terrace,Oubei,Lacey Bianco,27323.05033
