WEST_ID,WEST_NAME,WEST_ADDRESS,WEST_CITY,WEST_CONTACT,WEST_RATING,WEST_SALES
8345,Skyble,120 Bultman Road,Nueve de Julio,Deane Gonsalo,0,33828.75
8346,Topicshots,958 Eastlawn Circle,Gävle,Hollie Burdin,0,29322.5
8347,Fivechat,16 Lake View Park,Huancheng,Hubie Worrill,5,5959.5
8348,Meezzy,5 Hanover Way,Huddinge,Adham Page,4,830.97
8349,Quimba,45687 Trailsway Place,Gävle,Clarice Domniney,2,23692.2
8350,Bluejam,8597 Mallard Plaza,São José do Rio Preto,Samuel France,3,33650.84
8351,Gigabox,8555 Buhler Trail,Sainte-Adèle,Lemmy Fryett,4,24422.01
8352,Yacero,66 Morrow Court,Asprángeloi,Gwen Bemrose,0,34426.54
8353,Zooveo,7 Homewood Park,Alhos Vedros,Janeta Flynn,3,9020.82
8354,Flipstorm,441 Cottonwood Avenue,Doblas,Cortie Foston,0,7672.21
8355,Oyoloo,5715 Almo Point,Aldeia de Além,Pascale Glewe,3,9169.38
8356,Zoonder,4147 Rigney Plaza,Kamloops,Justus Levane,0,37800
8357,Jabbercube,31870 Katie Avenue,Krajan,Ragnar Spinney,4,28884.44
8358,Tagopia,02 Longview Pass,Karangbayat,Ashby Molian,3,14029.96
8359,Yoveo,8 Westport Park,Chernyshkovskiy,Saxe Szimoni,2,14505.03
8360,Quire,774 Rigney Crossing,Garça,Lu Pollett,1,1090.03
8361,Pixonyx,57931 Golf View Trail,Presa,Rogerio Schwandner,2,3199.14
8362,Rhyloo,70175 Continental Crossing,Zharkent,Karol Killwick,0,9885.5
8363,Agivu,1 Loeprich Road,Karobokan,Feodor Mergue,5,14553.29
8364,Yodel,95 Scoville Circle,Rivne,Estele Boch,0,405.24
8365,Edgetag,854 Dakota Plaza,Czarna,Jeannette Isaacs,4,37447.72
8366,Shuffledrive,6778 Victoria Parkway,Paulínia,Jamison Haylor,1,27299.66
8367,Shuffledrive,366 Westend Court,Laugar,Hinze Redmell,4,34268.3
8368,Yakidoo,98 Welch Road,Shiojiri,Perry Aveyard,3,17555.62
8369,Podcat,24607 Dayton Avenue,San Cristobal,Mavis Parzizek,4,13884.76
8370,Skivee,05839 Saint Paul Terrace,Pomar,Jaimie Wittey,1,38889.05
8371,Plajo,56484 Corry Point,Khasavyurt,Priscella Piff,1,32415.05
8372,Eidel,522 Washington Lane,Paris La Défense,Tab Rowlett,4,18233.54
8373,Mynte,6 Marcy Road,Stykkishólmur,Daphene Moncrieffe,3,35351.51
8374,Devshare,9220 Ramsey Road,Nanterre,Sukey MacMeeking,1,2666.03
8375,Yombu,9559 Lakeland Avenue,Kaliningrad,Bobinette Boxall,0,2627.88
8376,Eare,6768 Lyons Hill,Sorang,Clayborn Lindenman,3,2757.28
8377,Wikizz,2390 Cherokee Point,Podol’sk,Jamal McKinlay,0,14145.09
8378,Izio,76312 Sauthoff Center,Batuidu,George Falvey,3,14962.97
8379,Linkbuzz,3 Vahlen Way,Lijiazui,Aryn Cheake,3,36235.38
8380,Kazu,95 Buena Vista Circle,Ushumun,Livvie Klimus,1,27436.78
8381,Youtags,9 Erie Parkway,Ciudad Darío,Sandro Crumby,3,39794.6
8382,Photospace,127 Fair Oaks Street,Stryszawa,Angelico Sapp,3,10469.96
8383,Yacero,29 8th Parkway,Shuangfeng,Isiahi Barnett,5,3642.66
8384,Twitterbeat,95474 Paget Terrace,Fengshan,Ulric Chastney,1,7706.46
8385,Yabox,637 Stephen Terrace,Chornoliztsi,Moritz Duckfield,5,25685.29
8386,Viva,68840 Hoepker Park,Ô Môn,Godfry Elldred,1,28997.5
8387,Browsecat,115 Chive Circle,Brie-Comte-Robert,Minnie Turri,1,19885.76
8388,Yacero,72532 Lyons Crossing,Cabarroguis,Josselyn McGinn,1,22784.37
8389,Browsebug,608 Grayhawk Junction,Alcaldedíaz,Bobbye Bantock,4,11475.77
8390,Quimm,01049 Portage Place,Sanfang,Langston Higgan,3,25996.93
8391,Shufflester,161 Fordem Court,Alcaldedíaz,Lynda Conaghan,4,39729.69
8392,Thoughtworks,43268 Susan Parkway,Dayr Abū Ḑa‘īf,Mercie Hazeldene,3,21543.59
8393,Centizu,1223 Burrows Drive,Líně,Rafi Wicher,4,35932.01
8394,Snaptags,31 Fordem Center,Petrodvorets,Cesare Zecchinii,1,15450.66
8395,Aimbo,1 Redwing Way,Wangon,Ambrosius Finn,2,31638.82
8396,Feedmix,9 Blue Bill Park Pass,Balkh,Wilmar Darbyshire,3,12704.45
8397,Edgeblab,36591 Del Mar Avenue,Cukangpanjang,Morie Kitcat,0,7689.97
8398,Lazz,16 Granby Hill,Hongxi,Brear Orniz,3,3559.6
8399,Zoombox,0 Service Plaza,Slavyansk-na-Kubani,Curtice Pessold,0,30631.65
8400,Quaxo,0879 Lakewood Gardens Crossing,Sarandi,Jennine Truelove,0,30495.09
8401,Skibox,68979 Elka Plaza,Ḩawsh ‘Īsá,Penelope McKeeman,3,24804.39
8402,Digitube,204 Miller Crossing,Kruengraya,Aubrey Tomovic,3,13358.27
8403,Tagtune,93805 Mesta Hill,Banatska Topola,Julio Seel,1,36080.99
8404,Gabtype,815 Jenifer Street,Srokowo,Alf Kalkhoven,4,35866.61
8405,Skiptube,53 Oriole Hill,Baru Timur,Gabbie Bonsale,2,29129.46
8406,Abatz,9 Amoth Parkway,Bohai,Husain Coult,1,35692.82
8407,Jaxnation,5138 Cody Alley,Rassvet,Becki Ozintsev,2,31556.24
8408,Linkbuzz,15276 Di Loreto Trail,Těšetice,Henderson Rodell,5,37542.68
8409,Kwideo,78 Texas Alley,Shengshan,Amaleta Kelson,0,16146.06
8410,Kwideo,724 Northfield Place,Sulangan,Adorne Keniwell,2,26705.96
8411,Meetz,382 Schmedeman Park,Eastern Suburbs Mc,Jolene Champain,5,5449.55
8412,Skyndu,62 Summer Ridge Junction,Zopilotepe,Vanessa Robjohns,0,15814.24
8413,Devshare,60897 Shopko Street,Yudai,Jayne Cumming,2,30900.85
8414,Aimbu,215 Grasskamp Junction,Motegi,Jodee Cowie,4,864.84
8415,Quimba,32106 Autumn Leaf Pass,Heping,Ollie Yoslowitz,5,1523.98
8416,Divavu,897 Fieldstone Parkway,Kyosai,Katinka Keaveney,5,27711.79
8417,Oyope,2767 Golf Course Terrace,Zaraysk,Elsi Titchard,1,1662.52
8418,Zoozzy,32320 Farwell Road,Sanquan,Daisey Espin,2,18656.15
8419,Oyoloo,61945 Karstens Court,Oinófyta,Julienne Glander,2,33570.19
8420,Buzzshare,21781 Twin Pines Hill,Katrineholm,Abbi Scones,3,14641.94
8421,Linklinks,099 Schurz Crossing,Hampang,Axe Scurr,3,2278.98
8422,Realbuzz,27632 Mcguire Pass,Na Klang,Gigi Carlisle,2,4729.35
8423,Ntag,5 Maple Wood Alley,São Lourenço do Sul,Maryrose Baden,2,32467.3
8424,Flashspan,005 Mayer Pass,Gunung Talang,Corena Riatt,0,494.87
8425,Skiptube,56232 Village Green Crossing,Eirado,Weider Duffell,2,17258.29
8426,LiveZ,184 Bashford Center,San Andres,Dorise Baldock,3,7973.03
8427,Mydo,7 Jay Parkway,Wolofeo,Stacie Robinson,3,34064.11
8428,Eidel,06 Tomscot Lane,Krasnoarmeysk,Frederica Willoway,2,16406.03
8429,Jayo,7716 West Plaza,Hino,Louisette Gegay,4,14789.09
8430,Katz,775 Killdeer Parkway,Antequera,Jacki Crownshaw,3,5236.5
8431,Rooxo,5157 Bay Drive,Västerås,Missie Bruhn,4,13347.19
8432,Tagtune,84 Sommers Hill,Citeureup,Cole Laban,4,27767.4
8433,Devcast,830 Rieder Plaza,Naples,Quintus Harm,4,12308.37
8434,Youfeed,842 Northfield Plaza,San Marcos de Colón,Wenonah Singleton,1,10380.86
8435,Flipstorm,7 Bluejay Way,Hangou,Guinna Calven,2,3215.55
8436,Twinte,363 Pepper Wood Circle,Stalbe,Jeanie Dell Casa,3,19303.94
8437,Eire,8 Bluestem Avenue,Jincheng,Tull Pietruschka,4,27596.59
8438,Agivu,2 Pleasure Hill,Tiaodeng,Polly Winley,1,4142.74
8439,Shufflester,94889 Jana Plaza,Shanhou,Derril Marcq,0,20439.09
8440,Feedbug,73127 Dexter Terrace,Capela,Milo Songer,4,11916.82
8441,Flashdog,39685 Utah Crossing,San Pedro Carchá,Matt Harly,1,35335.5
8442,Wordtune,2996 Morningstar Avenue,Tigbao,Chance Verheyden,4,11505.68
8443,Viva,37998 Susan Alley,Yanjiang,Keelby McAleese,0,13771.4
8444,Devpulse,5655 Fieldstone Parkway,Larochette,Bary Sucre,5,27888.03
8445,Camido,0 Rieder Drive,Sumberkertokrajan,Ashli Jochanany,4,14535.48
8446,Agivu,78774 Dorton Place,Oravais,Reiko Tuffell,4,17104.32
8447,Oyoyo,3 Main Avenue,Stalís,Maddi Reary,4,33736.28
8448,Photobean,971 Forster Road,Zhangduangu,Deb Lefwich,3,29960.7
8449,Yata,71927 International Lane,Xibing,Derick Muddicliffe,1,9170.1
8450,Dablist,7 Monterey Center,Finzes,Thaine McGarahan,4,35620.28
8451,Katz,3483 Mayfield Hill,Naples,Sansone Pullen,2,30396.18
8452,Photobug,43169 Algoma Trail,Enskededalen,Kip Rodolphe,4,38930.08
8453,Reallinks,9 Morrow Crossing,Tougan,Gran Johl,5,444.34
8454,Vitz,2240 Eagan Alley,Embarcación,Debee Agglione,3,26398.33
8455,Quaxo,28404 Gina Parkway,Polanica-Zdrój,Arline MacKill,1,3886.81
8456,Edgepulse,67 Sheridan Lane,Lebak,Johnathon Fulop,0,5330.27
8457,Voonte,54 Vidon Road,Tarasovskiy,Cecilio Boldt,3,4298.47
8458,Centidel,3654 Grover Way,Duba,Mart Tacey,0,26637.12
8459,Buzzster,19268 Lakewood Gardens Trail,Foros do Trapo,Della Demogeot,3,34882.72
8460,Skinder,98 Dexter Street,Buraen,Dahlia Patrie,4,19564.88
8461,Kare,27 Jackson Drive,Xing’an,Alberik Crossan,3,11587.49
8462,Jetpulse,65077 Hansons Way,Jiangyi,Janis Estrella,3,29143.45
8463,Katz,6985 Aberg Center,Pochayiv,Angelica Tomson,5,4882.6
8464,Zoomcast,20 Grover Crossing,Vahdat,Vivi Stickel,2,617.45
8465,Mynte,84 Knutson Road,Gizałki,Lanette Thurlborn,0,11640.27
8466,Mynte,20 Center Drive,San Cristóbal Totonicapán,Darb Arends,2,39569.14
8467,Voolia,8 Rusk Court,Kampene,Robbin Huburn,1,11598.06
8468,Dynabox,18820 Dovetail Court,Morales,Egon Capewell,5,11324.4
8469,Jamia,61 Loeprich Avenue,Shashi,Orelia Chang,2,34626.11
8470,Pixope,1192 Texas Way,Udachny,Myrtie Devons,4,32577.7
8471,Pixope,055 Meadow Valley Pass,Cahuanuyo,Lorri Frisch,1,39142.03
8472,Skippad,41385 Burning Wood Road,Tiro,Alina Bristo,1,37522.86
8473,Skinte,6 Loomis Park,Iţsā,Zebedee Cudd,5,32705.44
8474,Trudeo,4 Jackson Park,Malārd,Torrey Jesse,1,16500.26
8475,Wikibox,607 Garrison Pass,Dobřany,Trix Alvar,4,20912.34
8476,Zoozzy,9 Green Pass,Pulilan,Loydie Rumming,2,9913.51
8477,Npath,5443 Spohn Avenue,Orguz,Morly MacDonell,5,1661.05
8478,Oba,2606 Hanson Plaza,Murcia,Sephira Cavie,1,1489.01
8479,Fatz,9 Meadow Valley Pass,Tai Po,Annalee Briddle,4,9290.57
8480,Linktype,526 Scott Avenue,Nanyang,Jeddy Cowoppe,4,23986.13
8481,Gigazoom,86426 Thackeray Park,Évry,Nathanial Soans,3,24633.3
8482,Gigabox,77 Logan Street,Chashan,Matilda Fransemai,3,29247.01
8483,Myworks,30248 Loomis Trail,Qiandian,Cammie Vost,5,16826.09
8484,Avamm,176 High Crossing Park,Cigedang,Bartolemo Iacopetti,4,17087.73
8485,Jamia,7541 Eastlawn Trail,Pasirgaru,Aggie Ogers,4,20485.02
8486,Divanoodle,0269 Lillian Terrace,Alpedrinha,Sabina Abbots,4,31877.62
8487,Bubblebox,303 Clemons Junction,Asarum,Vera Osgorby,2,24897.88
8488,Yabox,0073 Bonner Place,Muladbucad,Agneta Jarmain,1,11735.81
8489,Babblestorm,514 Lawn Drive,Calheta,Daune Brandle,1,34010.84
8490,Browsebug,80185 Lakewood Gardens Pass,Slavuta,Danyelle Aizikovich,4,22738.05
8491,Babbleopia,7602 Westend Crossing,Slatyne,Avie Tidcombe,1,29187.39
8492,Twiyo,79 Merry Court,Presidente Epitácio,Virgie Ambroix,1,15773.04
8493,Mynte,19274 Autumn Leaf Pass,Talghar,Chad Armor,0,9243.11
8494,Buzzshare,3 Delladonna Circle,Njurunda,Onofredo Midden,5,5938.84
8495,Geba,1641 Westport Pass,Altay sumu,Yasmin Tripon,5,21153.05
8496,Skynoodle,679 Debra Place,Libofshë,Pepito Birchenough,3,28933.04
8497,Bluezoom,17 Susan Court,Zolotonosha,Rosene Masser,5,4434.44
8498,Jazzy,942 Havey Junction,Anuradhapura,Nikita Furmonger,3,8948.59
8499,Yabox,01790 Sommers Trail,Abū Sunbul,Ferguson Cumbridge,1,34117.47
8500,Dabfeed,73 Hayes Center,Chabařovice,Hailey Singleton,2,36141.19
8501,Jaxbean,48 Walton Avenue,Pessac,Frannie Patise,3,6375.42
8502,Browsedrive,1724 Lawn Alley,Orodo,Griffy Grundell,3,9298.91
8503,Oyonder,4616 Rowland Drive,Al Manāqil,Vallie Meere,1,35929.86
8504,Dynazzy,4914 Bobwhite Park,Luklukan,Cyndi Darton,2,36477.43
8505,Oodoo,057 Westridge Hill,Saint-Jean-de-Braye,Catlee Caris,3,18390.21
8506,Tanoodle,44437 Green Court,Tangzhuang,Russell Speight,0,10183.72
8507,Jabbersphere,6 Elmside Drive,Cimarelang,Marty Hugenin,1,13419.81
8508,Pixoboo,86580 Warner Point,Montaigu,Lisle Sleney,1,28321.81
8509,Brightbean,89 Derek Hill,Suqu,Madelene Taffarello,3,33287.89
8510,Flashpoint,4259 Bobwhite Road,Phu Kradueng,Lark Yandle,5,12223.37
8511,Flipopia,50 Pennsylvania Park,Eastern Suburbs Mc,Biddy Kenewell,2,29473.99
8512,Jetwire,6202 Johnson Park,Solor,Umeko Sizey,2,8095.23
8513,Tekfly,20 Anhalt Place,Wonokerso,Carter Treske,1,14289.28
8514,Divanoodle,44943 Harbort Drive,Bujaków,Kelsey Pettiford,1,10643.22
8515,Lazzy,4 Dwight Lane,Tundagan,Marlane Milby,3,6942.38
8516,Yadel,84244 Schurz Hill,Czerwieńsk,Anton Denge,1,8042.05
8517,Snaptags,5235 Judy Crossing,Talisay,Morey Vial,1,460.81
8518,Linkbuzz,78286 Westport Drive,Suizhong,Starlin Cloonan,0,27055.87
8519,Skinte,83361 Sherman Pass,Kovrov,Annice Jerger,5,38617.8
8520,Cogidoo,562 Jay Junction,Cueto,Clare Pennyman,2,30713.82
8521,Rooxo,3331 Westport Pass,Gazojak,Towney Graybeal,2,7187.82
8522,Vitz,7174 Mayfield Plaza,Lancaster,Dion Hacon,5,13546.73
8523,Edgeclub,249 Bartillon Way,Suzhou,Chrystel Shier,2,9104.72
8524,Tagcat,9822 Kropf Way,Haolin,Corey Caseley,3,22339.04
8525,Digitube,92146 Stephen Pass,Severnyy,Faulkner Simonassi,1,15386.26
8526,Feedfish,8 Northfield Trail,Toulon,Chaddie Pozzi,3,27078.73
8527,Skyndu,2 Sunnyside Circle,Yangying,Shadow Gumey,1,21516.09
8528,Voonder,1 Leroy Trail,Huangqiao,Stearne Hele,1,31748.65
8529,Linkbridge,746 Mariners Cove Way,Lincheng,Marcie Bass,5,34893.83
8530,Kwilith,72 Main Crossing,Santa Cecília,Joelle Denes,0,34763.09
8531,Kanoodle,64105 Luster Junction,São Marcos,Monah Copestick,2,31515.78
8532,Devshare,80133 Truax Junction,Tupambaé,Weylin Petrasch,1,2181.9
8533,Tagfeed,11865 Brown Place,Enyerhyetykaw,Ammamaria Flaverty,1,2139.13
8534,Vinder,8360 Sullivan Parkway,Daykitin,Cher McSkeagan,5,37490.45
8535,Meemm,21903 Bartillon Road,Shiquanhe,Tootsie Colgrave,4,26148.34
8536,Npath,16 Dayton Avenue,Shazi,Quincy Stainer,5,24424.24
8537,Thoughtstorm,5601 Buhler Parkway,Ghayl Bā Wazīr,Malachi Rowlett,2,16820
8538,Riffpedia,4063 Schurz Terrace,Sävedalen,Beckie Lydiatt,1,21209.44
8539,Pixope,212 Kipling Park,Paris 06,Eugene Quarterman,3,19172.15
8540,Jaloo,066 Lukken Junction,Calingcuan,Sergei Fenelon,4,13571.81
8541,Agivu,5 Charing Cross Center,Lingkou,Elijah Craythorne,2,295.39
8542,Aivee,8051 Ohio Place,Nanding,Si Boynes,4,8371.45
8543,Wikizz,59818 Rowland Hill,Şānūr,Jose Grouer,2,14219.33
8544,Flashdog,8571 Grover Point,Easington,Prisca Klein,2,552.75
8545,Jatri,39482 Brown Point,La Courneuve,Hall Barnson,3,15882.13
8546,Dabfeed,09 Butterfield Street,Prómachoi,Katti Danelet,2,24093.45
8547,Brainlounge,798 Eastwood Court,Redinha,Tedmund Kundert,2,30900.3
8548,Twimbo,7 Stephen Center,Kemil,Hermine Gibbens,3,17337.73
8549,Jaloo,99191 Talmadge Lane,Bratsigovo,Darsey Casburn,4,1821.49
8550,Thoughtblab,62 Village Point,Kill,Pembroke Skyppe,2,34603.24
8551,Dynabox,76 Namekagon Trail,Krajan Atas Suger Lor,Elmo Crossingham,3,10855.67
8552,Chatterpoint,33 Anthes Alley,Parreira,Forester Lundon,3,39354.65
8553,Edgeblab,2662 Schlimgen Alley,Linggou,Roderick Seaman,5,29303.29
8554,Yambee,5297 Dapin Pass,Falun,Sheilakathryn Abraham,3,32381.04
8555,Thoughtbridge,627 Esker Park,Sharjah,Yuri Latimer,5,24874.39
8556,Latz,924 Sunnyside Center,Nicolet,Arty Spary,4,967.97
8557,Feedspan,80 Utah Center,Kawaguchi,Sherye Godrich,1,12542.24
8558,Youbridge,2 Reinke Drive,Garbolovo,Dannie Coghlin,2,27841.88
8559,Camido,68343 Manley Drive,Pinghu,Rolph Carde,2,5338.58
8560,Edgewire,65 Thackeray Court,Sanhe,Gabriellia Leipoldt,4,23361.87
8561,Topicshots,4372 Arapahoe Point,El Cobre,Florrie Van Hove,2,15548.94
8562,Wordify,0 Claremont Terrace,Oruro,Cristi Flockhart,2,4778.04
8563,Zoomcast,0 Eagan Center,Brooklyn,Randolph Scammell,1,26944.48
8564,Divanoodle,2630 Mccormick Avenue,Baxiangshan,Rafaello Mullender,5,18155.73
8565,Kaymbo,28 Canary Parkway,Dugcal,Darleen Verick,5,37.28
8566,Flashspan,62063 Parkside Plaza,Bothaville,Delores Endrighi,0,12208.99
8567,Nlounge,5 Blue Bill Park Point,Maiyema,Tricia Durward,0,32350.32
8568,Topicware,981 Dunning Pass,Surulangun Rawas,Tulley MacAloren,4,4479
8569,Avamm,7183 Commercial Plaza,Da’an,Darnall Yoxen,2,9980.21
8570,Buzzster,1 Novick Junction,Staraya Stanitsa,Murdoch Von Welldun,2,33971.77
8571,Reallinks,41279 Springs Drive,Esperanza,Darnell Daymond,0,15058.92
8572,Blogtag,25910 East Lane,Sunchales,Melosa Ker,2,2132.82
8573,Gabvine,7170 Nevada Center,Laç,Trina Old,2,10278.44
8574,Quinu,035 Marcy Parkway,Baião,Wash McAllester,3,27345.29
8575,Twiyo,66 Dovetail Avenue,Niamtougou,D'arcy Houchen,4,2996.45
8576,Mybuzz,4 Straubel Trail,Bolhrad,Kamillah Falck,4,35279.9
8577,Skivee,9 Blue Bill Park Avenue,Maslog,Erena McClinton,0,38729.02
8578,Brightbean,912 Reindahl Hill,Uvarovka,Mellie Casebourne,0,25292.18
8579,Demizz,7823 Chive Parkway,Luoyang,Britta Vitte,5,15766.43
8580,Browsedrive,648 Schiller Point,Vallehermoso,Sheelah Kearney,1,34423.59
8581,Fadeo,8 Arapahoe Drive,Nakhon Sawan,Liz Jennings,3,25285.5
8582,Realmix,3795 Magdeline Plaza,Malgobek,Keelia Fuge,1,6858.23
8583,Tagfeed,542 Nevada Drive,Xinshiba,Mimi McCole,2,14507.24
8584,Bubblebox,095 Corben Parkway,Plaridel,Karilynn Edmonstone,3,12419.7
8585,Brainverse,847 Little Fleur Crossing,Moshenskoye,Clarence Bourhill,5,33361.17
8586,Devify,08 Scoville Plaza,Lelystad,Laraine Tapp,4,35203.99
8587,Myworks,6013 Briar Crest Court,Novopokrovka,Kitty McCome,3,10170.89
8588,Zoomzone,2 Mariners Cove Trail,‘Uzeir,Corine Trevallion,0,25237.03
8589,Jaloo,96838 Cambridge Junction,Nieszawa,Edithe Hub,4,35529.28
8590,Linklinks,7 Autumn Leaf Avenue,Hede,Staci Reymers,1,35245.6
8591,Vinder,147 1st Lane,Chowṉêy,Tamas Quantrell,3,32673.23
8592,Quimm,292 Hooker Circle,Mentoro Wetan,Marya MacKellen,2,33053.14
8593,Quamba,22 Onsgard Avenue,Orléans,Fiorenze Cane,5,12919.34
8594,Meejo,442 Carioca Pass,Málaga,Berky Jaquiss,1,36511.56
8595,Zoonoodle,4 Kim Terrace,Erling,Hansiain Dodimead,0,33141.69
8596,Zoomdog,2 Green Ridge Road,Beihe,Hyman Barff,0,1444.8
8597,Flashpoint,265 Weeping Birch Plaza,Živinice,Tybi Tidy,2,38388.94
8598,Pixonyx,619 Warbler Court,Jinping,Elsi Taill,4,23669.29
8599,Bluezoom,128 Maple Wood Parkway,Mosteiró,Blythe Keeney,0,5266.3
8600,Muxo,640 New Castle Crossing,Zhuanqukou,Rubia Mault,1,4887.8
8601,Muxo,4369 Knutson Terrace,Stuttgart,D'arcy Don,4,22266.03
8602,Eabox,96 Dahle Way,Pingdingshan,Zelma Fonteyne,5,1150.71
8603,Mydo,93 Oak Valley Pass,Mantang,Adriana Pellatt,3,12177.65
8604,Voonte,43189 Old Gate Court,Atlasovo,Portia Bygott,1,26845.5
8605,Voonyx,2 Fisk Trail,Aime,Alley Biasini,3,18868.14
8606,Gabspot,731 Brickson Park Alley,Buenos Aires,Rodina Okenden,4,4948.97
8607,Flashset,6 Chinook Terrace,Garibaldi,Margit Gresswood,1,25518.89
8608,Wikizz,5830 Waubesa Pass,Copa,Poul Ayce,3,7634.09
8609,Skipstorm,671 Bunting Road,Katsuura,Connie Radmore,3,32062.72
8610,Yabox,3 Northport Road,Tongyangdao,Elly Chetwind,1,19609.11
8611,Rhyloo,9444 Bluejay Center,Rizal,Sylvia Stopper,2,12913.95
8612,Cogilith,5 Montana Alley,Stockholm,Ermengarde Loram,4,2513.57
8613,Devbug,5 Sachtjen Hill,Nikopol’,Clayborne Gozzett,2,34994.93
8614,Mymm,52539 Randy Pass,Xiaping,Inna Halstead,2,18394.53
8615,Kimia,24 Del Sol Place,Medina Estates,Tomasina MacKim,0,35930.14
8616,Photojam,30 Dunning Drive,Liebu,Nollie Ricardot,4,26747.96
8617,Mita,08 Kipling Parkway,Cruz das Almas,Meggi Braban,1,29453.4
8618,Babbleopia,99 Darwin Hill,Zaña,Gerta Fantini,0,33846
8619,Brightbean,11840 Shasta Crossing,Sumberagung,Max Brackenbury,3,38510.57
8620,Youopia,8207 Dixon Center,Badarganj,Nappy Giorgione,4,37093.68
8621,Twitterlist,05 School Hill,Sundbyberg,Lissie Duckering,4,13501.63
8622,Kwimbee,84871 Jana Way,Karangpeton,Mariel D'Aeth,1,9033.26
8623,Voomm,4 Evergreen Circle,San Bartolomé Milpas Altas,Westley Dobrowski,3,25029.61
8624,Dynazzy,1 Weeping Birch Way,Marcos Juárez,Osborn Hounihan,3,8367.43
8625,Kwinu,22 Gerald Avenue,Pankovka,Arin Harbour,1,1612.76
8626,Feedfish,56001 Grayhawk Way,Eisen,Eberto Rohlfs,4,23779.85
8627,Zoovu,067 Messerschmidt Parkway,Jiangqiao,Nev Claasen,1,9027.66
8628,Mydo,69 Kedzie Park,Luče,Lind Bullough,1,20467.79
8629,Skyndu,05101 Bunker Hill Road,Pervoural’sk,Brenn Richardot,3,21028.51
8630,Photospace,75569 Hazelcrest Road,Ishqoshim,Wakefield Wasielewicz,0,6282.13
8631,Livepath,37048 Hazelcrest Road,Krajan Satu,Elvis Chartre,1,20748.99
8632,Tavu,2232 Prairie Rose Junction,Paynjuwayn,Cletus Comiskey,3,31398.24
8633,Cogibox,4388 Spohn Hill,Bauta,Erika Simone,1,4408.21
8634,Teklist,84867 Mccormick Junction,Alasmalang,Trina Lycett,1,39774.78
8635,Thoughtblab,613 Blaine Junction,Gunung Sugih,Lilyan Critchell,1,18578.97
8636,Quimba,0290 Myrtle Circle,Pakel,Sheelah Milburne,3,16087.58
8637,Eabox,6531 Oriole Park,Blangpulo,Ninnette Girodon,4,15470.71
8638,Feedspan,9 Novick Point,Oslo,Feliza Evemy,1,38801.37
8639,Zoomzone,7 Utah Court,Ristinummi,Elissa McGlashan,1,39933.06
8640,Dablist,286 Briar Crest Parkway,Schenectady,Amelie Cosser,4,6405.84
8641,Centimia,05 Elmside Lane,Valdemarsvik,Karlee Custard,3,340.14
8642,Centimia,8945 Eliot Terrace,Huitán,Bartholomeus Marks,3,1641.02
8643,Rhyzio,11 Kennedy Plaza,Yege,Wolfgang Proud,5,7404.42
8644,Twiyo,4 Thierer Road,Várzea,Urbain Campagne,4,30884.81
8645,Topicshots,0 Magdeline Park,Colonia Aurora,Jacklin Macauley,1,19959.58
8646,Ailane,29 Monterey Court,Moutas,Jess Podd,1,23405.64
8647,Skynoodle,429 Anzinger Street,Ongjin,Cammy Landy,2,25914.7
8648,Yata,074 Harbort Parkway,Lajas,Fidelio Neem,1,25467.16
8649,Browsebug,57421 Eliot Street,Krasnogorsk,Elaine Bollum,5,1965.08
8650,Flashpoint,80 Emmet Hill,Hantsport,Keene Malatalant,4,38067.35
8651,Abatz,53258 Banding Court,Puan,Rickert Tombling,0,1636.41
8652,Zoonder,065 Melvin Trail,Al Fashn,Mortie Banfill,4,28716.29
8653,Zava,8 Derek Plaza,Lancheng,D'arcy McVicker,3,29026.52
8654,Zooxo,949 Village Green Place,Marhanets’,Berkeley Trunby,3,22941.82
8655,Babbleset,3 Chinook Hill,Fort Lauderdale,Benedetto Kondratyuk,3,23602.72
8656,Flashdog,54 Chinook Avenue,Varberg,Abbe Keyden,3,16198.22
8657,Topiczoom,2831 Harbort Lane,Mangochi,Robinett Rubertelli,3,34883.38
8658,Livetube,53 Northview Parkway,Macheng,Callie Mellon,1,25111.7
8659,Demizz,936 Miller Point,Pongkor,Harold Bowden,3,17060.52
8660,Tagfeed,1278 Derek Pass,Mannheim,Ulrick Wheelan,2,32987.24
8661,Yamia,6636 Harbort Trail,Zhufo,Troy Bellam,3,38928.81
8662,InnoZ,4 Wayridge Junction,Kupchino,Gwen Hindes,4,25119.1
8663,Mita,78 Maple Terrace,Baoquan,Nananne Margrie,1,18710.78
8664,Divavu,51193 Armistice Road,Lazaro Cardenas,Yuri Cleave,3,32128.4
8665,Brightdog,2 Gina Alley,Lubukalung,Casi Jakov,2,35407.64
8666,Gigaclub,4 Northfield Parkway,Ruteng,Elsworth Fitchen,1,15296.86
8667,Skinder,6 Service Trail,Dukuhsia,Conroy McKinnon,4,26602.02
8668,Muxo,376 Eastlawn Center,Groningen,Jeanette Deschlein,2,7380.65
8669,Tagfeed,13 Maple Street,La Courneuve,Farrand Forrester,1,19467.98
8670,Realpoint,01494 Jay Alley,Trzebnica,Basilio Glaves,1,30774.58
8671,Kare,7 Buena Vista Alley,Carcar,Rockie Coatts,4,23486.52
8672,Gigaclub,339 Dawn Trail,Salor,Joline Hedgecock,3,33646.99
8673,Brainlounge,7 Scott Court,Avon,Silvie Pellew,0,27761.29
8674,Mymm,90874 Fulton Drive,Seka,Giacopo Gallahue,4,7010.17
8675,Rhynyx,91 Comanche Parkway,Tegarenkrajan,Tomlin Klemke,4,31545.08
8676,Voonder,12 Gulseth Park,Bautista,Mart Hammon,5,580.16
8677,Linklinks,17 Lukken Street,Sabana Grande,Barris Schwandermann,0,3233.36
8678,Cogidoo,76965 Eagan Alley,Maymana,Northrup Curtiss,4,35761.13
8679,Feednation,5 Derek Lane,Maumere,Grayce Philcock,1,11767.35
8680,Trunyx,7495 Sunnyside Plaza,Lokatadho,Karylin Pymm,2,25011.83
8681,Mita,139 Iowa Avenue,Gaimán,Jemmy Iannello,1,4092.44
8682,Oyoba,1 Corben Road,Nancheng,Madelina Glasman,1,7402.14
8683,Ozu,48 Dahle Plaza,Si Narong,Bay Hanstock,1,39427.44
8684,Mita,94 Blaine Point,Liaoyang,Sharron Canny,4,23050.05
8685,Trunyx,29598 American Ash Alley,Zhangjia,Olly Tribe,4,26542.56
8686,Gigazoom,6 Kipling Court,Diadema,Wolf Newbery,1,22028.98
8687,Browsedrive,77768 Hoffman Alley,Savitaipale,Kore Krier,0,37676.49
8688,Yambee,3533 Sugar Place,Palampal,Dorella MacKowle,1,30423.67
8689,Skyndu,06 Pleasure Avenue,Charlotte,Clarey Elfes,4,30554.16
8690,Twinder,85628 Morning Point,Haizigou,Indira Toffanini,4,34343.86
8691,Browseblab,3832 Bowman Trail,Tocha,Helge Dowyer,2,21548.69
8692,Topicware,8 Dunning Circle,Dumalinao,Rossie Sherrocks,5,966.29
8693,Browsebug,18048 Farwell Lane,Numata,Bride Ickowicz,2,454.7
8694,Zazio,6702 Northwestern Point,Cipolletti,Normie A'Barrow,2,6734.46
8695,Babbleopia,2 Caliangt Terrace,Roissy Charles-de-Gaulle,Dorey Campo,5,35845.5
8696,Kayveo,20556 Hooker Place,Warungpeuteuy,Didi Norville,1,9860.5
8697,Feedspan,1 Burning Wood Circle,Maclear,Caritta Davioud,3,32146.42
8698,Wikizz,59 Forest Run Point,Dadong’ao,Kath Lombard,1,4715.01
8699,Skajo,712 Evergreen Circle,Las Varillas,Shanta Alner,3,5352.86
8700,Feedmix,8 Esker Parkway,Wuma,Eba D'Angeli,1,23114.98
8701,Topicware,180 Bashford Pass,Hewan,Gunar Haith,5,38345.25
8702,Wikibox,12 Harper Road,Andkhōy,Brana Harms,3,24540.24
8703,Leenti,77 Parkside Circle,Chillán,Alessandra Kochs,2,27252.5
8704,Shuffletag,328 Old Gate Crossing,Leonárisso,Genia Tick,2,8358.8
8705,Myworks,9773 Summit Way,Xingshou,Berna Brew,2,28352.76
8706,Oyope,23 2nd Center,Yumendong,Rodina Heeney,5,32197.97
8707,BlogXS,85 Chive Trail,Maisons-Alfort,Yorke Jakubovsky,3,17396.94
8708,Mycat,8556 Park Meadow Court,Kivijärvi,Stephannie Magne,5,34310.06
8709,Tagcat,8 Loeprich Crossing,Sam Roi Yot,Henderson Sweetsur,4,32739.05
8710,Thoughtblab,96 Jay Pass,‘Izrā,Cherianne Souten,1,32185.89
8711,Eire,3814 Kings Hill,Orléans,Chauncey Sorsby,0,15457.92
8712,Skyndu,008 Susan Avenue,Orange Walk,Burton Jopling,3,33515.75
8713,Katz,1 Milwaukee Avenue,Gravataí,Sheeree Garfath,0,36289.01
8714,Tazzy,2859 Eliot Drive,Noisy-le-Grand,Trisha Farherty,1,1757.75
8715,Talane,3 Killdeer Terrace,Magangué,Kristopher Frankish,4,9332.99
8716,Chatterbridge,9 Browning Point,Priboj,Floris Bamlet,1,5211.75
8717,Dabshots,623 Cordelia Center,Banjar Petak,Sidnee Lunge,1,11783.22
8718,Thoughtblab,6 Scoville Point,Negeriagung,Meir Channon,1,27552.62
8719,Jabbercube,8 Luster Avenue,Jakšić,Lelia Ife,3,39157.99
8720,Eadel,19369 Kipling Pass,Łukowa,Des Meader,2,10958.72
8721,Muxo,904 8th Drive,Buesaco,Chiquia McArdle,3,18319.02
8722,Divavu,591 Helena Place,Cañasgordas,Darn Mulbry,2,29783.22
8723,Wikizz,83009 Namekagon Street,Andrézieux-Bouthéon,Will Conochie,2,32766.67
8724,Twinte,16158 Pawling Parkway,Bafilo,Vasily Jirick,4,11766.52
8725,Wordpedia,8 Carey Hill,Yanfolila,Chance Yven,2,32498.38
8726,Oyondu,07175 Dryden Parkway,Antsirabe,Odelia Gobell,1,14803.49
8727,Shuffledrive,6943 Moulton Park,El Triunfo,Artemis Rekes,3,19126.3
8728,Plambee,75105 Florence Terrace,Shaliu,Timmy Soppit,3,23335.06
8729,Livetube,19653 Buhler Parkway,Sidi Redouane,Emili Wadeling,4,3460.61
8730,Realcube,4 Farragut Alley,Yirga ‘Alem,Ellie Jeaneau,2,3159.86
8731,Eare,39 Washington Junction,Gontar,Isador Bartozzi,4,25412.71
8732,Mydo,95344 Susan Hill,Cantagallo,Pearce Shawyer,1,27704.74
8733,Wordtune,2686 Dawn Court,Oitui,Dian O'Donegan,2,20885.88
8734,Fadeo,96761 Dottie Plaza,Tuopu,Burk Embleton,2,12318.44
8735,Thoughtsphere,84420 Farmco Hill,Sámi,Elisa Beelby,2,39471.87
8736,Fadeo,29 Sutteridge Crossing,Langtad,Melodie Vicker,4,22118.72
8737,Latz,94 Westerfield Park,Vërtop,Bartholemy Lownds,0,30922.41
8738,Devpoint,0 Canary Plaza,Areado,Dion Ivanchenkov,2,20864.47
8739,Oyoyo,88790 Hooker Lane,Viçosa,Gwennie Cretney,2,5007.98
8740,Thoughtbeat,5976 Knutson Parkway,Beigang,Tommi Clausen,1,18320.5
8741,Skaboo,1321 Parkside Hill,Krasnogorodskoye,Erika Frostick,2,24974.45
8742,Voolia,8 Maple Wood Alley,Jiepai,Thibaud Ingerman,4,37087.55
8743,Feedbug,471 Magdeline Point,Shangdu,Tony Medler,3,28190.67
8744,Oyoba,05446 Ridgeview Road,Sysert’,Odey Bohills,0,22141.76
8745,Devpulse,77 Jana Point,Gamleby,Jeanette Chaunce,0,21902.09
8746,Gabspot,87 Sheridan Park,Wang Nam Khiao,Nani Franklen,1,10262.1
8747,Tagopia,551 Warbler Point,Крушево,Ella Conningham,3,16814.42
8748,Flipbug,17295 Blue Bill Park Court,Malya,Anastassia Axell,4,739.26
8749,Tazzy,48 Tennessee Circle,Skwierzyna,Melba Tuffin,3,39836.63
8750,Twitternation,4868 Mayfield Crossing,Saint-Jean-de-Luz,Aurelie Alesio,1,24767.32
8751,Aibox,644 Grim Place,Kruševac,Camila Gibbons,2,31689.97
8752,Kimia,5794 Utah Trail,Chicago,Marietta Gasquoine,2,37171.48
8753,Blogtags,01556 Packers Avenue,Arvidsjaur,Cheston Hughes,3,31278.01
8754,Yozio,76 2nd Pass,Mandala,Stepha Halfacre,3,20675.5
8755,Skaboo,31 Mosinee Drive,Valerik,Gusta Mugford,3,6183.35
8756,Buzzshare,62613 Maple Wood Court,Courelas Bravas,Harriet Ickovic,1,4109.77
8757,Devify,94722 Lunder Alley,Socabaya,Shayne Drillingcourt,2,10723.29
8758,Browsezoom,3466 Lukken Road,Carhuamayo,Hermione Lillecrop,5,33719.81
8759,Topicware,09 Vidon Plaza,Acatenango,Toby Barttrum,4,23268.61
8760,Tagtune,59 Towne Plaza,Ol’ginka,Gwenny Beardwood,3,7401.09
8761,Dabtype,47650 Springs Plaza,Salcedo,Cyndi Flipsen,2,13184.07
8762,Thoughtstorm,8238 Summer Ridge Center,La Clotilde,Barrett Di Domenico,3,24527.17
8763,Gabtype,2650 5th Park,Maykor,Clotilda Beadell,3,31390.9
8764,Brainverse,0072 Briar Crest Place,Blahodatne,Frankie Ungerecht,2,19152.89
8765,Wordtune,312 Rowland Point,San Pedro Jocopilas,Renaldo Enderlein,3,33884.66
8766,Youtags,27 Meadow Ridge Center,Sabunçu,Carmelia McGeachey,1,9797.93
8767,Jabberbean,226 Manley Parkway,Buan,Lotti Worsnip,2,39861.39
8768,Quimba,1609 Fulton Court,Nor Yerznka,Nancee Esposito,3,2499.33
8769,Yombu,445 Schurz Parkway,Mirecourt,Deny Frizzell,4,23495.77
8770,Pixonyx,23 Emmet Terrace,Fenglin,Kizzie Pothecary,2,33856.83
8771,Quimm,8 Shelley Way,Meipu,Avram Jacob,5,5081.69
8772,Oloo,202 Dakota Terrace,Dingshan,Winnah Frayne,3,2700.91
8773,Oodoo,64049 Texas Lane,Ḩarīb,Vance Elmhurst,4,7415.84
8774,Vinder,18 Southridge Crossing,Batelov,Ruddy Skeats,4,15784.77
8775,Youspan,5 Spenser Way,Dziergowice,Rosetta Marjoribanks,3,20507.55
8776,Quinu,4 4th Road,Espinal,Demetri Speake,1,22742.85
8777,Wikizz,565 Morrow Street,Kabare,Beltran MacArte,3,19272.38
8778,Kaymbo,5 Fieldstone Drive,Laweueng,Maynord Charleston,3,6285.95
8779,Skalith,12 Veith Park,Rukunlima Bawah,Tadd O'Donnell,5,7807.03
8780,Jazzy,7 Monica Terrace,San Benito,Janenna Ferry,1,20433.72
8781,Vinder,2164 Dahle Hill,Weixin,Jada O'Calleran,5,28471.59
8782,Quire,571 Katie Court,Allen,Tabbatha Reay,4,38411.13
8783,Edgetag,89 Dawn Pass,Jāsim,Greggory Ridgwell,1,34498.95
8784,Twitterbeat,25 Graedel Point,Makin Village,Lisabeth Tucsell,1,24237.58
8785,Topicware,1 Nelson Parkway,Zoumaping,Kerrill Verbeek,4,19605.55
8786,Demimbu,4995 Arrowood Place,‘Awaj,Adolf Vaggs,1,27966.89
8787,Wordware,320 Grover Park,Huolongping,Tonya Dury,3,37015.03
8788,Riffwire,905 Columbus Plaza,El Triunfo de la Cruz,Tiebold Powland,2,12204.37
8789,Zava,93 Veith Way,Pesochnoye,Stormi Brahan,1,32726.66
8790,Aivee,1080 Cherokee Court,Malveira,Yancy Boissieux,3,3771.17
8791,Flashdog,11942 Porter Court,Tococ East,Justinn McVicker,3,17165.05
8792,Livetube,345 Portage Plaza,Maba,Deva Spackman,5,24595.68
8793,Bubblemix,53537 Chinook Crossing,Alberton,Tallia Chander,2,23180.58
8794,Demivee,09207 Almo Way,Tukums,Berny Karpol,4,36807.35
8795,Feednation,79 Arapahoe Junction,Tall Salḩab,Welbie Saurat,0,12825.13
8796,Divape,735 Blue Bill Park Terrace,Penghu,Celle Hylands,4,37729.26
8797,Demimbu,96761 Glendale Way,Margen,Siffre Fluin,1,22312.95
8798,Mynte,9 Menomonie Plaza,Yeliguan,Miriam McConway,4,27555.41
8799,Shuffledrive,5679 Jackson Street,Tielu,Babbette Siddons,3,22704.35
8800,Mudo,49930 Washington Lane,Maasin,Gram Spleving,2,30261.25
8801,Digitube,2 Troy Hill,Ust-Kamenogorsk,Winny Ickovits,4,20200.38
8802,Thoughtsphere,6 Evergreen Alley,Stara Kornica,Garald Cressor,4,33574.76
8803,Oyoba,89632 Chinook Place,Kanazawa-shi,Erin Shankle,1,28345.81
8804,Mydo,093 Melrose Circle,Teuva,Amelina Bengoechea,4,34604.33
8805,Katz,8 Fair Oaks Avenue,Dengmingsi,Spike Debney,4,20177.71
8806,Talane,6625 Spaight Circle,Heting,Ebony Rainger,2,14467.93
8807,Yodoo,9 Bay Drive,Zadawa,Petra Drogan,2,17776.68
8808,Gevee,9 Sage Alley,Cuenca,Hestia Dolling,3,1666.6
8809,Realblab,6413 Katie Alley,Potchefstroom,Corry Fenelow,2,19830.95
8810,Divape,082 Bartelt Crossing,Las Lajas,Blaine MacGahy,2,23092.04
8811,Dynabox,420 Blue Bill Park Point,Corpus Christi,Alleyn Lyburn,4,17320.99
8812,Voolia,36710 School Way,Sao Hai,Niles Squelch,2,8722.09
8813,Skinix,4124 Springs Pass,Matoupu,Jermaine Danneil,3,37014.35
8814,Trilith,4 Schurz Center,Bazar-Korgon,Lutero Skupinski,0,4061.55
8815,Livepath,6 Kipling Park,Marka,Sauveur Bastin,1,10386.04
8816,Tagcat,38 Comanche Alley,Mamasa,Lucais Sweating,1,19381.19
8817,Aimbu,026 Clarendon Crossing,Uozu,Monica Minichillo,2,27800
8818,Yakitri,2439 Delladonna Pass,Gio Linh,Nadiya Rickcord,4,23930.79
8819,Roodel,42 Transport Plaza,Toulon,Cissy Mc Caughen,1,5562.13
8820,Tagpad,4 Shopko Alley,Ying’ebu,Theobald McGorman,1,15445.23
8821,Viva,28 Jay Parkway,Skutskär,Bibby Filewood,0,10150.1
8822,Skinte,66030 Schmedeman Hill,Porto Velho,Aldo Balden,1,20101.8
8823,Mymm,97424 Clove Center,Cangshi,Cobb Concannon,5,8759.83
8824,Talane,5 Milwaukee Street,Itaperuna,Johnna Clempton,1,39122.5
8825,Eidel,123 Novick Terrace,Batanovtsi,Babara Oldford,0,3873.48
8826,Geba,776 Starling Point,Bilaran,Teirtza Terbruggen,1,22863.45
8827,Kwinu,5 Truax Park,Malanville,Haleigh Joinson,3,38772.55
8828,Feedbug,8 Hudson Park,Wulin,Gilbertina Crome,3,37452.97
8829,Zazio,7192 Nevada Park,Caburan,Charmain Boddy,4,33556.36
8830,Skipstorm,10 Lawn Center,Jiebu,Leif Manoelli,1,5420.3
8831,Topicware,8730 Walton Alley,Putang,Elyssa Rawet,2,328.02
8832,Katz,03430 Northland Junction,Vilyuchinsk,Obidiah Lerway,0,9323.03
8833,Browsedrive,2334 Hintze Crossing,Pailles,Shay Gration,3,4510.04
8834,JumpXS,12053 Reindahl Circle,Rodionovo-Nesvetaiskoye,Binni Farrent,0,17948.05
8835,Gigashots,2291 Walton Way,Tierimu,Emelen Attard,1,35229.77
8836,Voomm,04071 Center Drive,Gualán,Isabeau Ludlem,1,12686.63
8837,Brainverse,15 Moose Way,"Hospitalet De Llobregat, L'",Dodie Routhorn,3,33099.25
8838,Cogidoo,41 Granby Alley,Sumqayıt,Margaux Chace,2,14327.02
8839,Kwimbee,72417 Paget Lane,Kantharalak,Joannes Secretan,1,12584.76
8840,Yoveo,0078 Northfield Junction,Degeberga,Stefania O'Gleasane,0,31930.32
8841,Mita,3 Dahle Crossing,Itapetininga,Alonzo Bench,4,25474.35
8842,Photolist,4 Debra Court,Quince Mil,Reuven Rodgers,5,33276.38
8843,Wikido,82740 Kim Hill,David,Maddie Vidler,5,29987.97
8844,Ainyx,8 Butternut Point,Khvatovka,Yvonne Aspole,2,27331.59
8845,Trilia,67 Little Fleur Junction,Qorashina,Jilly Caughtry,2,22444.07
8846,Jabbersphere,646 Grasskamp Alley,Kwale,Maryjo Doran,3,33381.41
8847,Topicblab,98943 2nd Way,Palaiochóri,Nikolaus Spenceley,3,23209.54
8848,Bluezoom,70926 Logan Parkway,San Carlos de Bariloche,Beverlie Aliberti,4,4719.6
8849,Flipbug,9 Barby Road,Cibetung Dua,Claire Brown,0,9687.55
8850,Skibox,5 Westerfield Trail,Zhuangta,Rip Sherwell,5,38251.31
8851,Youspan,47 Washington Point,Lutou,Lezley Carruthers,1,30428.77
8852,Linklinks,465 Almo Center,Sanmiaoqian,Marshal Stiebler,2,515.52
8853,Katz,16 Oak Valley Way,Dayin,Quintana Strettell,1,16407.19
8854,Thoughtworks,94 Jenna Avenue,Wan’an,Lusa Serjent,1,13273.37
8855,Mybuzz,02 Gina Plaza,Naushki,Elka Admans,0,18609.89
8856,Agimba,614 Morning Plaza,San Marcos,Kent Brownjohn,4,3272.79
8857,Plajo,48969 Paget Junction,Anolaima,Kirstin Fontes,3,33882.54
8858,Wikizz,6157 Nelson Crossing,Mustvee,Chicky Alkins,1,23262.55
8859,Devpoint,2 Sycamore Drive,Tyret’ Pervaya,Romain MacIlwrick,2,899.72
8860,Digitube,60 Barby Avenue,Biryukove,Jean Selbach,2,29489.76
8861,Feedmix,886 Linden Lane,Shijie,Dalt Shobrook,3,3026.67
8862,Eare,80 Fordem Street,Maria Cristina,Kearney Woodburn,4,21625.06
8863,Yakitri,0283 Tennessee Parkway,Al Qarārah,Luis Broz,1,13337.46
8864,Flashpoint,704 Prentice Parkway,Krajan Karanganyar,Kermie Schmuhl,1,15565.11
8865,InnoZ,97991 Kennedy Center,Bandar-e Ganāveh,Carolyn Brunstan,3,17643.62
8866,Zoombeat,026 Thackeray Road,Phetchabun,Tate Bradd,4,27261.46
8867,Eabox,509 Grasskamp Point,Palmdale,Tara Avrahamoff,5,35786.31
8868,Topiczoom,81 Londonderry Crossing,Paterson,Walton Meighan,3,29762.8
8869,Thoughtsphere,43 Eastlawn Circle,Depok,Byrann Arangy,2,15834.98
8870,Skyndu,7974 Superior Street,Chư Prông,Chris Byneth,2,29678.81
8871,Shufflester,481 Red Cloud Road,Nizhyn,Juline Serle,3,7965.16
8872,Trilia,3 Northfield Court,Yeysk,Penelopa Swafield,1,28834.9
8873,Blogpad,23534 Golf View Crossing,Saint-Denis,Tonnie Danit,1,2760.19
8874,Blogtag,88 Union Court,Kidangbang,Richmond Walton,2,1333.88
8875,Ailane,5 Southridge Point,Shancheng,Rogerio Hamsley,2,8809.55
8876,Thoughtmix,5 Homewood Park,Pappadátes,Christophorus Fawbert,5,5109.67
8877,Ainyx,8 Becker Place,Roxas,Doralin Rassell,0,33630.41
8878,Voonte,517 Mariners Cove Plaza,Sheshan,Pierson Cribbin,0,22707.97
8879,Feedspan,914 International Court,Oula Xiuma,Alfred Recher,4,8928.18
8880,Flashspan,5 Shasta Lane,Lyalichi,Anna-diana Redrup,2,8816.25
8881,Zooveo,3 Stuart Parkway,Bojnik,Orelle Hierro,2,27721.66
8882,Topicstorm,1292 Mayfield Park,Zhongcun,Corina Dunridge,1,15805.34
8883,Mita,84476 5th Circle,Kalininaul,Evvie Cameli,4,17072.82
8884,Omba,98 Claremont Pass,Karabanovo,Ivor Spatig,3,9935.68
8885,Dabshots,8 Schiller Drive,Aguas Corrientes,Con Shutte,1,34815.8
8886,Topdrive,09862 Oak Point,Kajanan,Lyle Champkins,1,29682.92
8887,Shufflester,20 Graceland Way,Nishor,Ellynn Docket,1,11860.23
8888,Thoughtstorm,8 Knutson Center,Changpo,Free Tilne,4,19755.68
8889,Jetpulse,47 Eliot Pass,Jianxincun,Dacy Anthon,4,7955.37
8890,Mydo,4751 Michigan Circle,Tiadiaye,Glen Thomsen,4,9053.42
8891,Thoughtblab,987 Mandrake Center,West Kelowna,Reamonn Hursthouse,4,14919.74
8892,Jamia,929 Quincy Pass,Wangcheng,Jamie McGeffen,3,26025.12
8893,Thoughtstorm,0 Thompson Hill,Dassa-Zoumé,Beilul MacKenny,2,29553.03
8894,Tagchat,5 Lawn Junction,Trpinja,Wendy Yarmouth,2,24271.66
8895,Devcast,2 Coleman Plaza,Montceau-les-Mines,Orlan Sharma,4,8988.28
8896,Mita,0317 Little Fleur Court,Lurut,Parke Attrie,0,15892.31
8897,Devcast,2 Evergreen Drive,Navais,Dacie Kindley,3,11275.06
8898,Voomm,989 Lakewood Gardens Way,Palhoça,Imogen Carlow,5,11920.22
8899,Plajo,821 Hollow Ridge Court,Rio Negrinho,Gael Burghill,4,27068.99
8900,Pixope,8733 Arkansas Trail,Nakkila,Louisette Mee,4,32138.34
8901,Snaptags,019 Homewood Alley,Kambing,Reiko Mantram,4,30826
8902,Youspan,01593 Clarendon Pass,Obonoma,Giovanna Rubinlicht,2,35281.78
8903,Zoomcast,9 Memorial Terrace,Ijero-Ekiti,Sydney Shirt,3,1034.49
8904,Chatterpoint,54973 East Park,Umeå,Eddi O'Crotty,0,25306.08
8905,Meevee,18259 Sheridan Trail,Ilo,Galven Wadeling,3,14388.17
8906,Topicblab,5 Monument Crossing,Skövde,Dorotea Decort,1,26792.44
8907,Oloo,723 Troy Place,Postupice,Kain Ozelton,2,11852.83
8908,Zoomlounge,613 Darwin Pass,Xinfeng,Boyce Peirone,3,14989.33
8909,Fivechat,3561 Mariners Cove Trail,Zhukovskiy,Roslyn Minard,4,10914.49
8910,Skyba,184 Sunbrook Crossing,Zavoronezhskoye,Ardelia Rigmand,4,10677.57
8911,Kwideo,59 Ridgeway Plaza,Bondokodi,Lucky Neles,3,39966.96
8912,Voolia,615 Sloan Center,Yunchi,David Poxon,1,9630.27
8913,Demivee,880 Mallory Circle,Kampala,Wittie Turfitt,0,17714.33
8914,Jayo,1751 4th Junction,Serednye,Simonne Arntzen,2,589.88
8915,Jaxnation,7 Crowley Avenue,Yajiwa,Dun Ayerst,1,9355.08
8916,Photospace,12 Pine View Court,Ake-Eze,Helli Taborre,4,22899.11
8917,Mymm,216 La Follette Way,Troitskiy,Kelcy Rove,3,11382.52
8918,Wikizz,6266 Nancy Terrace,Tetebatu,Noami Fusco,3,23740.93
8919,Ooba,6 Bellgrove Parkway,San Pedro Pinula,Ewan Faers,4,24006.74
8920,Vinte,331 Mifflin Hill,Arroyo Seco,Jethro Hothersall,3,28292.74
8921,Photojam,51 Cascade Point,Prado,Franky Ivanyushkin,3,24845.62
8922,Oyoba,21 Fisk Junction,Budapest,Clem Filinkov,5,18673.15
8923,Divavu,808 Michigan Alley,Batojaran,Gabbey Bedward,1,2658.12
8924,Zoombeat,47 Lakeland Junction,Telmin Suma,Farleigh Garrad,3,16668.87
8925,Livefish,32276 Northland Trail,Aikmel,Annabella Kervin,1,19077.08
8926,Dynabox,82 La Follette Center,Marantao,Winthrop Parysiak,2,11548.62
8927,Yadel,50 Oak Valley Park,Sigaozhuang,Vinny Asker,1,31414.09
8928,Gigazoom,7 Declaration Drive,Nanpu,Tadio Waby,0,32031.07
8929,Tanoodle,2501 Northview Circle,Xinhua,Catie Growy,4,37952.09
8930,Fanoodle,2568 Helena Avenue,Xinjiezi,Glen Neenan,4,876.99
8931,Gigaclub,313 Waxwing Lane,Velasco Ibarra,Silvanus Jeyes,4,15179.29
8932,Yakidoo,1833 Brickson Park Court,Shurugwi,Allister Greenrod,3,29495.05
8933,Babbleset,53300 Anthes Terrace,Jilong,Kevyn Ceely,4,35560.61
8934,Avamba,03339 Knutson Street,Ngudu,Geoffry Penreth,3,13700.47
8935,Twitternation,8 Sullivan Road,Xinglin,Rafaello O'Deegan,3,8813.33
8936,Podcat,5 2nd Point,Novoul’yanovsk,Sherill Falconer-Taylor,1,34597.42
8937,Flashpoint,50315 Orin Center,Mayakovski,Jedd Zink,5,31953.7
8938,Linkbuzz,3648 Granby Street,Nový Bor,Alfy Morrall,0,23153.05
8939,Jaxworks,95599 Glendale Road,Dalong,Stu Huckster,3,15590.36
8940,Trilia,5 Becker Parkway,El Carmen,Neddie Grafton,4,34894.65
8941,Gevee,2 Garrison Terrace,Zmijavci,Melodie Tocknell,1,20799.29
8942,Edgepulse,16834 Eliot Alley,Nogueira,Ofella Davidou,4,37083.74
8943,Oyoloo,71572 Nevada Point,Apeldoorn,Roldan Tokley,4,24700.39
8944,Edgeclub,1 Kedzie Place,Shinkafe,Moore Oguz,2,25407.28
8945,Wikido,437 Basil Place,Karuk,Rufus Ranshaw,1,39817.45
8946,Twitterworks,7 Crest Line Point,Maykor,Audrye Grealey,3,16922.64
8947,Linkbuzz,6 Morningstar Court,Mossendjo,Garner Vuitte,4,3349.01
8948,Voomm,8831 Mendota Point,Shizi,Roddy Mellsop,0,3919.22
8949,Feednation,4805 Division Way,Logan Lake,Mercedes Iskower,1,37598.75
8950,Viva,76 Aberg Circle,Casal,Lise Starkey,3,4579.83
8951,Mita,654 Waxwing Pass,Haradzyeya,Lauritz Harston,4,6472.33
8952,Bubblemix,01150 Derek Street,Martingança-Gare,Naomi Resdale,4,28486.35
8953,Brainbox,90730 Bunker Hill Crossing,Okhansk,Ailis Grut,3,26080.59
8954,Blogtag,76969 Orin Court,Tengqiao,Lotta Casebourne,3,6007.14
8955,Brainlounge,2751 Esker Hill,Jianyi,Oren Penniell,4,24076.02
8956,Feedfire,67692 Eagle Crest Trail,Carmo do Paranaíba,Dayna Wilshaw,2,31639.28
8957,Oodoo,286 Starling Court,Perez,Denise Loadwick,4,35938.9
8958,Jaxspan,58 Ramsey Avenue,Chiriguaná,Clerc Tomasino,1,1170.14
8959,Quinu,9644 Swallow Plaza,Baoshui,Aguistin Palethorpe,5,22009.54
8960,Voolia,13826 Judy Place,Dallas,Gwendolen Higgen,2,16068.17
8961,Realbuzz,3 Sommers Avenue,Daoxu,Eliza Colgrave,4,2591.81
8962,Jabberstorm,820 Monica Way,Jiulong,Frazier Bloxland,1,37320.65
8963,Kwimbee,3 Hagan Drive,Chengcun,Vanya Wooton,3,23564.29
8964,Roodel,78547 Florence Terrace,Sundawenang,Monica Blinkhorn,1,33708.07
8965,Eamia,82 Tennessee Terrace,Sovetskiy,Carmelita Callear,4,16052.33
8966,Jazzy,9 Wayridge Place,Bromma,Sile Grindrod,2,21222.46
8967,Twitterbridge,9877 Jenifer Point,Bergerac,Nadia Bewsy,3,10510.62
8968,Topiczoom,8567 Chinook Alley,Bačka Palanka,Isa Dennitts,2,16218.52
8969,Youopia,53 Randy Way,Rozkishne,Rurik Dallemore,2,17425.94
8970,Gabtune,6525 Bluejay Crossing,Puerto Natales,Rosabelle Cathro,0,24926.61
8971,Gigaclub,26501 Doe Crossing Junction,Akron,Jane Sturr,4,18071.62
8972,Livefish,06 Melody Court,Apeldoorn,Odele Bloy,0,1086.51
8973,Wordify,87 Orin Way,Khulna,Elmo Tash,1,29341.6
8974,Twitterwire,95380 Butternut Junction,Lodwar,Cello Duckering,4,19691.38
8975,Trupe,6 Larry Park,Chachoengsao,Corene Farmar,2,3260.82
8976,Kazu,7 Weeping Birch Way,San Ramon,Olav Deener,1,32804.6
8977,Brightbean,51 Orin Center,Waru,Fiona Bickford,2,11843.44
8978,Ntags,80790 Larry Drive,Inhambupe,Isis Denyukin,1,30865.94
8979,Roombo,2 Larry Park,Los Angeles,Rubia Ianilli,4,22922.68
8980,Snaptags,8 Nobel Alley,Tsukawaki,Lurleen O' Lone,2,29425.18
8981,Tekfly,5 Melvin Circle,Sumber Tengah,Rriocard Pantry,1,27086.52
8982,Voonte,8334 Cody Circle,Sagbayan,Yolande Dory,4,35163.34
8983,Latz,3 Grim Pass,Karney Shomron,Kassie Lettuce,0,36678.41
8984,Tazz,7 Bellgrove Center,Almodôvar,Thea Graver,4,20106.63
8985,Skinder,43891 Lien Plaza,Los Nogales,Pam Yukhnev,5,4907.27
8986,Voomm,1 Cardinal Center,Soio,Josi Espine,4,31352.84
8987,Meeveo,875 Anhalt Avenue,Skýros,Fay Florez,0,13059.35
8988,Devcast,452 Garrison Junction,Izumi,Reynard Ganderton,5,31767.16
8989,Tagtune,5 Amoth Junction,Quezalguaque,Pierce Muress,4,17709.58
8990,Wikibox,9194 Oak Valley Court,Thị Trấn Thuận Châu,Emmalynne Wroe,3,31496.25
8991,Twitterlist,06027 Kinsman Alley,Wangjiang,Bellina Teissier,1,5371.99
8992,Blognation,70 Portage Court,Dziergowice,Janine Briiginshaw,4,39190.12
8993,Vipe,6483 Melody Parkway,Hutou,Jaye Palin,3,25443.27
8994,Eabox,8634 Macpherson Alley,Yanqian,Curcio Clancey,1,893.27
8995,Devcast,366 Maple Wood Alley,Gabi,Celinka Vost,4,17464.86
8996,Brightbean,105 Eliot Pass,Sere,Tracey Rois,1,36346.54
8997,Ozu,11013 Express Crossing,Zamora,Bryon Covington,1,7953.33
8998,Skynoodle,071 Dennis Place,Taipalsaari,Kale Adamek,1,30220.67
8999,Edgepulse,22993 Sachtjen Center,San-Pédro,Rhody O' Sullivan,2,38424.14
9000,Edgeify,013 Waubesa Hill,Alavus,Chadd Josovich,1,20300.08
9001,Buzzshare,00189 Eastlawn Plaza,Budapest,Jillana Towler,2,31387.34
9002,Kazu,1028 Thierer Road,Zekou,Leighton Aspray,2,25645.59
9003,Pixoboo,64 Barnett Center,Villeneuve-d'Ascq,Gabby McLanachan,3,37480.95
9004,Devify,554 Derek Lane,Xiushan,Minne Wathey,0,13002.96
9005,Flashspan,0245 Meadow Valley Avenue,Aradac,Brittaney Fairnie,1,44.3
9006,Eayo,6 Browning Terrace,Mikulintsy,Skyler L'Hommee,2,36296.4
9007,Browsebug,769 Longview Park,Haninge,Geneva Coplestone,1,1548.58
9008,Pixonyx,68758 1st Junction,Raszczyce,Creight Galiford,3,8551.08
9009,Katz,963 Delladonna Place,Folques,Brewster Towse,1,18659.53
9010,Skiptube,68 Sage Road,Siva,Yurik Usborn,1,12741.63
9011,Photolist,46777 Del Sol Park,Grybów,Ebeneser Bellingham,5,10415.15
9012,Fanoodle,3 Macpherson Plaza,Watubura,Land Brantl,1,1347.58
9013,Zoonder,09407 Blackbird Terrace,Saltsjöbaden,Cally Harmer,4,6606.22
9014,Devshare,5 Claremont Street,Riosucio,Klaus Carmo,2,13712.19
9015,Mynte,3997 Everett Hill,Pittsburgh,Hildagard Stebbin,0,35549.87
9016,Jamia,93803 Fulton Avenue,Shymkent,Dalton Mixworthy,1,28122.2
9017,Plajo,7 Annamark Place,Tuanalepe,Augustin Philippart,1,24776.77
9018,Gabspot,8026 Prairie Rose Alley,Liborina,Beale Grassi,2,8352.59
9019,Wordware,9 Delladonna Park,Nepalgunj,Ede Hardbattle,3,32089.56
9020,Oodoo,8 Pankratz Crossing,Logung,Chelsea Ferrai,3,22236.89
9021,Zava,91 Melvin Avenue,Raejeru,Aldis Castanho,1,14075.6
9022,Centizu,19890 Thompson Way,Pekalongan,Laureen Tosh,3,6924.12
9023,Brainbox,29 Schiller Terrace,Podstrana,Ladonna MacKettrick,3,39254.97
9024,Thoughtsphere,2416 Delladonna Trail,New Plymouth,Jsandye Dower,3,26074.25
9025,Kamba,27974 Lerdahl Court,Sungaimaja,Agace Conradie,3,13882.09
9026,Livepath,62088 Wayridge Point,Lairoka,Hagan Bealing,4,25106.39
9027,Thoughtsphere,13 Judy Court,Panambi,Bernetta Skehens,0,11366.99
9028,Tambee,68295 Merrick Center,Rokietnica,Lillis Tesseyman,4,18695.42
9029,Riffpedia,0434 Dapin Center,Arvidsjaur,Torrence Sorrill,1,34121.84
9030,Babblestorm,27084 Mayer Road,Monte Leite,Elita Chater,2,6156.35
9031,Twitterlist,8 Briar Crest Plaza,Abakan,Austin Woolen,1,10440.73
9032,Agivu,35450 Norway Maple Avenue,Emiliano Zapata,Jimmie Kienle,2,14346.6
9033,Oodoo,7 Anniversary Parkway,Tertek,Gianina Griston,0,23295.85
9034,Youspan,251 Becker Street,Jeong,Basilius Glison,3,6489.53
9035,Talane,9402 Merrick Drive,Lloqan,My Duesberry,3,31503.68
9036,Photofeed,86 Macpherson Alley,Itarana,Carlee Verillo,0,37988.08
9037,Youtags,015 Nobel Center,Al Qurḩ,Staford Stabler,1,13543.78
9038,Pixoboo,47887 Declaration Parkway,Ungus-Ungus,Cordi Rigardeau,3,32633.13
9039,Wikibox,8057 Little Fleur Road,Muyuzi,Chico Lucy,3,37446.8
9040,Vinder,95290 Judy Alley,Xinjian,Flo Dillon,3,27176.69
9041,Dabshots,2869 Sunnyside Parkway,Rybie,Lacy Barttrum,5,33740.47
9042,Linkbridge,5973 Homewood Drive,Yongchang,Cathi Bonallick,2,36984.07
9043,Devcast,7482 Sauthoff Place,Suban Jeriji,Garwin Vasyukhichev,0,19333.46
9044,Jetpulse,8874 Carpenter Pass,Mitsuke,Yank Bim,3,3899.5
9045,Wikivu,43322 Old Gate Pass,Macatuba,Imogen Saph,3,29051.61
9046,Linkbridge,65 Blue Bill Park Street,Omīdcheh,Sandye Blowfield,3,39138.06
9047,Trilia,899 Crest Line Place,Jianggu,Aharon Rings,3,17860.91
9048,Voolia,39234 Maple Wood Street,Sevilla,Helaina Steljes,2,1.36
9049,Yakidoo,1816 Oriole Place,Harrisburg,Siegfried Masser,3,38417.19
9050,Devbug,1 Shelley Lane,Kcynia,Natalie Troyes,1,19624.98
9051,Cogibox,5 Burning Wood Terrace,Stoszowice,Hagan Symmons,4,37849.65
9052,Jaxspan,4 Loftsgordon Plaza,Huangyang,Beverley Rookeby,2,29883.76
9053,Dynabox,6 Aberg Circle,Moyynkum,Agretha Grugerr,5,33681.51
9054,Zoomcast,66349 Dexter Road,Awjilah,Jelene Swansborough,1,9063.67
9055,Avamm,47 Dwight Trail,Dongyangzhen,Corene Maddams,2,10768.55
9056,Twiyo,4 Gulseth Plaza,Semarapura,Kelsey Amberson,3,33067.13
9057,Yodel,8026 Bunker Hill Hill,Mrzeżyno,Luella Lowndsborough,1,24484.78
9058,Meemm,8 Thierer Alley,Yuxarı Aran,Fidelia Henstone,1,26401.54
9059,Edgewire,26679 Clove Center,Santiago,Hillier Swindley,0,13854.22
9060,Topicstorm,32164 Drewry Place,Omemee,Min Hallowes,5,28827.49
9061,Browsedrive,90268 Atwood Park,La Clotilde,Eduino Simioni,4,39851.18
9062,Twimm,45844 Talmadge Lane,Dal’neye Konstantinovo,Lindsey Bore,0,25235.14
9063,Browsebug,5054 Columbus Pass,Sagaing,Tab Morphew,5,32269.11
9064,Kimia,33375 Bartelt Pass,Xiangyun,Marylinda Brickstock,0,22507.69
9065,Quamba,823 American Ash Drive,Dudchany,Patty Whitnell,0,14068.13
9066,Dabfeed,56323 Gulseth Circle,Cầu Gồ,Natty Kerley,1,38510.74
9067,Izio,756 Farmco Trail,Guantánamo,Violante Surgood,4,27221
9068,Thoughtmix,7 Hauk Plaza,Phan Rang-Tháp Chàm,Ban Colleford,3,13717.68
9069,Buzzbean,08161 Westport Way,Zaysan,Fabiano Doble,4,12839.28
9070,Yoveo,7096 Rowland Road,Gesik,Talbert Coller,4,24547.1
9071,Janyx,5 Anzinger Avenue,Oropós,Perkin Manach,1,25880.25
9072,Izio,309 Forest Run Plaza,Shaxi,Mac Antonetti,5,24067.05
9073,Flashspan,8 Leroy Crossing,Sidem,Fidela Piche,4,30177.6
9074,Minyx,71605 Graceland Lane,Kalilangan,Bryanty Llorens,2,23459.97
9075,DabZ,876 Graceland Terrace,Itatiba,Anton Chawner,3,8504.7
9076,Muxo,4362 Carberry Crossing,Bukonyo,Leslie Byrnes,1,38462.07
9077,Wikivu,0 Scott Court,Ayorou,Franz Whebell,2,19588.37
9078,Zoonoodle,10025 Clove Avenue,Santa Lucía,Bradley Buchanan,1,8986.51
9079,Zoomcast,265 Magdeline Junction,Нераште,Wenona Churm,5,8919.1
9080,Jetwire,2 Bartillon Avenue,Shuhong,Forrester Kopacek,2,23669.17
9081,Katz,8029 Rutledge Point,Kŭlob,Janie Daubney,5,26588.21
9082,LiveZ,11 Northland Center,Oliveirinha,Vinnie Clarycott,5,12821.4
9083,Muxo,3979 Del Mar Center,Uglovoye,Tasha Shewring,1,33790.01
9084,Voolia,933 Stang Park,Bakov nad Jizerou,Yetty Belone,1,6198.65
9085,Tagcat,692 Hazelcrest Alley,Temirtau,Lorry Pennock,5,15962.09
9086,Topicware,0 Talisman Road,Loughrea,Hamil Kalinke,4,4958.49
9087,Topicshots,334 Nevada Terrace,Madur,Raphael Quan,0,23432.74
9088,Camido,19 Memorial Crossing,Shuigou’ao,Reed Axel,0,36424.01
9089,Realmix,385 Mitchell Alley,Dengjia,Kerri Cajkler,1,25913.07
9090,Kazio,3989 Lawn Terrace,Nashtā Rūd,Gifford Greggersen,0,21399.03
9091,Fivebridge,84 Atwood Center,São Pedro,Gene Lugton,4,27575.5
9092,Viva,7240 International Lane,Omaha,Berk Jeffes,4,18937.45
9093,Cogidoo,9312 Paget Trail,Chikwawa,Cherish Egger,5,9774.09
9094,Linklinks,963 Ruskin Way,Ipoh,Eldridge Haydock,1,26489.4
9095,Yata,576 Debra Way,Rudziczka,Guinna Kissock,1,26273.09
9096,Npath,871 Moland Center,Yushan,Emera Hans,2,19606.38
9097,Meevee,4702 Delladonna Alley,Tarragona,Zeb Mattheeuw,2,13158.44
9098,Skyvu,595 Kropf Road,Orion,Roth Beeching,3,26480.77
9099,Vimbo,4 Lighthouse Bay Way,Embajador Martini,Barret Cancutt,4,16130.07
9100,Aibox,8346 Saint Paul Junction,Rokytnice,Andreana Edgler,3,28478.97
9101,Livetube,4366 Gina Hill,Caxarias,Yovonnda Groll,4,8400.96
9102,Fivebridge,1675 Schmedeman Point,Tuguan,Griffin Eynon,1,26619.27
9103,Leexo,389 Hollow Ridge Point,Cotton Ground,Warde Ebenezer,2,6011.53
9104,Miboo,7 Hallows Court,Lucma,Felix Skingle,1,8448.24
9105,Topiczoom,204 Paget Avenue,Mercedes,Cherish Cradick,2,7524.49
9106,Yotz,0588 Thackeray Hill,Santa Rosa,Jorie Emson,3,24951.17
9107,Jabbertype,14174 Weeping Birch Circle,Weetombo,Renaud Ayerst,1,10928.56
9108,Realbridge,78275 Lillian Way,Shixiang,Carmella Crichten,5,18858.17
9109,Tagopia,60 Maple Wood Point,Kuzhu,Torrence Sweetman,4,27637.43
9110,Fliptune,859 Ilene Pass,Delgado,Judah Sexcey,4,11212.19
9111,Demivee,411 Eggendart Drive,Chengbei,Spike Bison,1,31616.22
9112,Kayveo,8 Tennessee Park,Besançon,Rosemaria Luscott,3,11148.95
9113,Zava,8 Raven Way,Yidu,Elsinore Paulson,1,11526.87
9114,Mycat,288 Farragut Way,Firovo,Lyn Bosma,1,13243.25
9115,Wordpedia,483 Carberry Terrace,Cibeureum,Hodge Kellogg,3,35330.56
9116,Meejo,16 Riverside Avenue,Lons-le-Saunier,Johny Peggs,2,24872.49
9117,Topicware,8831 Lillian Avenue,Toulouse,Laureen Eldrett,0,30911.21
9118,Yata,3 Bultman Drive,Nizwá,Jessie Giannoni,1,17729.16
9119,Chatterbridge,4472 Derek Trail,Huyuan,Euell MacNeice,3,33133.09
9120,Edgepulse,1 Waubesa Road,Haiyanmiao,Inessa Soro,5,11778.87
9121,Demizz,40625 Calypso Drive,Troyes,Arly Koppke,4,11746
9122,Jabbersphere,3855 Mesta Parkway,Vénissieux,Edwin Schubart,2,34844.52
9123,Jabbersphere,9 Trailsway Center,København,Rafaela McTrustey,2,29896.6
9124,Zoomdog,74827 Namekagon Plaza,Tyresö,Barth Gherarducci,2,37569.46
9125,Skipfire,71594 Logan Pass,Jandayan,Trudy Torns,0,3072.41
9126,Skipstorm,0 American Ash Center,Verkhniye Osel’ki,Estele Crombie,5,35746.1
9127,Oba,98 Maple Wood Hill,Lysyanka,Giulio McTerlagh,1,23238.92
9128,Agivu,5 Longview Pass,Masiga,Juliane Ludgrove,1,6426.03
9129,Voonyx,12 Fallview Pass,Ngenden,Sybyl Dallmann,1,11935.17
9130,Digitube,97 Katie Hill,Den Chai,Aila Roach,3,14029.94
9131,Innojam,378 Eastwood Park,Itatinga,Charisse Ceschi,3,17611.86
9132,Jabbersphere,9 Bultman Road,Bojongnangka,Brendan Hazart,3,29838.73
9133,Livefish,01 Holy Cross Hill,Aanislag,Betteanne Hamsson,3,24386.01
9134,Jatri,4362 Surrey Point,Zhangbang,Corry Goskar,1,30865.99
9135,Snaptags,826 Banding Circle,Novosil’,Agnes MacLleese,1,35282.57
9136,Vipe,2996 Granby Center,Kebonsari,Ellswerth Waggatt,2,19460.79
9137,Divavu,70 Eagan Park,Cuito,Isadore Pherps,5,19413.35
9138,Plajo,05 Ronald Regan Drive,Cangqian,Launce Perrottet,3,39655.32
9139,Jaxspan,0 Old Shore Street,Bacolod,Daisie Bigg,0,4561.21
9140,Meeveo,4 Fieldstone Hill,Era,Merridie Girauld,3,37457.16
9141,Photobean,684 Eastlawn Trail,Garawati,Roma Potter,4,27134.29
9142,Flipstorm,1 Haas Court,Pondaguitan,Calley Pretti,3,3903.12
9143,Browsezoom,27 Village Place,San Bernardino,Marley Melledy,4,12038.96
9144,Topiclounge,210 Welch Court,Berlin,Kahlil Enders,4,39087.24
9145,Twinte,59481 Pepper Wood Crossing,Khuzdār,Coop Sherborne,0,27776.75
9146,Thoughtstorm,7 Carberry Avenue,Burgersdorp,Kaycee Gracewood,2,12297.86
9147,Gabtune,6927 Lien Way,Tuusula,Tulley Paladini,2,2597.09
9148,Cogidoo,90892 Springs Plaza,Erdaocha,Emile Klimke,2,21555.36
9149,Skinix,6783 Hansons Plaza,Tsenher,Ailina Wilcott,2,20382.02
9150,Linkbuzz,54 Goodland Parkway,Nanshan,Dyann Prayer,4,7455.67
9151,Oba,742 Golf View Avenue,Ponta Porã,Jeremie Redhills,2,17802.4
9152,Cogidoo,932 Bartelt Point,Chicheng,Ruprecht Shenton,5,37853.01
9153,Fliptune,8235 Elmside Court,Bizana,Osbourne Mountney,4,5154.63
9154,Brainverse,48 Lakewood Gardens Avenue,Cergy-Pontoise,Eleanore Shippard,4,970.32
9155,Oyoba,60484 West Pass,Batouri,Camila Castagno,3,19753.1
9156,Digitube,89 Moose Lane,Sabinópolis,Freeman Vondracek,1,22717.07
9157,Voonix,51 Doe Crossing Street,Sidu,Cheston Langdridge,2,23622.05
9158,Dazzlesphere,0 Badeau Plaza,Pingshan,Berke Moreing,3,6569.07
9159,Lazz,4 Sheridan Drive,Rechitsy,Tarra Derisly,5,10506
9160,Rhynoodle,750 Derek Lane,Limoeiro do Norte,Nealy Kalf,2,21837.33
9161,Skippad,326 Sage Point,Ush-Tyube,Jamison Begley,5,36311.88
9162,Feednation,7 Gulseth Point,Sibiti,Lyell Denziloe,5,3254.61
9163,Buzzdog,2629 Maywood Avenue,Wufeng,Allyn Gaspard,1,37930.98
9164,Thoughtstorm,733 Burrows Road,Nyköping,Trenton Arnison,3,10641.66
9165,Plambee,4 Karstens Court,Ulsan,Lorene Oliphand,2,8626.14
9166,Fliptune,54585 Hoepker Parkway,Ostrów Wielkopolski,Chickie July,0,30286.88
9167,Roombo,587 Westport Road,Bendo,Verla Bonnett,4,7040.48
9168,Meedoo,8251 Sutherland Trail,Pata,Caprice Matthiae,1,14588.16
9169,Zoombox,273 Susan Trail,Ivanteyevka,Zabrina Crichmer,1,7569.6
9170,Edgeblab,45 Sauthoff Street,Hekou,Denys Andreolli,1,24677.48
9171,Twimm,6 Schmedeman Park,Orekhovo-Borisovo,Beilul Pessler,4,2476.59
9172,Tazz,7268 Riverside Place,Guzhan,Royall Dovidian,0,34851.87
9173,Flashdog,30789 Anniversary Road,Lampa,Giana Prettejohns,0,16337.51
9174,Zoombeat,185 Londonderry Parkway,Gołkowice,Fredric Ludlow,0,11559.78
9175,Edgeblab,10500 Summer Ridge Circle,Tanahwulan,Ferdie Dadge,3,31961.83
9176,Meejo,507 Golf Place,Tuateta,Samuel Coulthard,0,32893.05
9177,Shuffledrive,7303 Londonderry Street,Kemuning,Jenda Nuemann,3,37555.26
9178,Centizu,18 Goodland Point,Rovira,Lauritz Capaldo,4,1046.13
9179,Babbleopia,3 Gale Terrace,Gomel,Lindsy Whacket,4,22316.35
9180,Geba,72410 Union Avenue,Ordzhonikidzevskiy,Ernaline Napolione,3,9993.3
9181,Dabtype,34 Manufacturers Terrace,Ettelbruck,Catarina Greenhowe,2,30896.4
9182,Avamba,4026 Eagle Crest Circle,Lachute,Janie Rove,4,35855.42
9183,Riffwire,854 Golf Course Hill,Tiro,Daphene Esberger,1,18055
9184,Cogilith,45 Russell Road,Okinawa,Hermina Shelborne,2,31729.43
9185,Jabbersphere,8478 Raven Circle,Brzeźnica,Yancey Carwardine,1,10947.56
9186,Miboo,61567 Express Center,Urozhaynoye,Issi Tilne,3,6159.28
9187,Izio,7 Upham Junction,Labuhansumbawa,Una Padly,4,15539.8
9188,Tambee,07559 Lawn Plaza,San Isidro,Mannie Cogley,3,21755.26
9189,Avamm,5021 Farwell Alley,Budapest,Serge Tangye,0,28754.99
9190,Meeveo,9 Vermont Street,Bom Jesus dos Perdões,Gay Barkes,0,28151.67
9191,Roombo,55874 Maryland Junction,Pariti,Roxana Becks,3,32561.78
9192,LiveZ,80081 Paget Drive,Hualingang,Yvon Hamshar,2,18706.95
9193,Twitterbeat,99580 Erie Avenue,Qŭshkŭpir,Tania Ivel,3,35936.07
9194,Mynte,05 Nelson Pass,Wrząsowice,Truda Spear,5,3449.04
9195,Dynabox,34486 Sycamore Junction,Xiaocun,Karoline Fearnehough,0,8999.83
9196,Gabtype,633 Lakeland Parkway,Trhové Sviny,Vassili Watsham,2,3840.68
9197,Browsebug,059 Jenna Avenue,Aparecida,Francklyn Macura,4,5729.52
9198,Ntags,67 Toban Circle,Cipicung Timur,Aldwin Timeby,3,37362.21
9199,Yadel,010 Novick Parkway,Khartsyz’k,Alphonso Pyett,5,2290.26
9200,Babbleopia,7 Bashford Terrace,Young,Izzy Pauls,1,7190.93
9201,Babblestorm,91302 Heffernan Park,Calceta,Ode Greystoke,2,24041.31
9202,Thoughtstorm,3784 Ridgeway Point,Guararapes,Cristionna Schrinel,2,39431.25
9203,Rooxo,1248 Kinsman Plaza,Grande Rivière Noire,Waldon Roome,1,30433.7
9204,Vitz,633 Scott Plaza,Boca Chica,Mic Southernwood,0,27144.29
9205,Pixonyx,9273 Waubesa Alley,Mafra,Estevan Gobbet,2,29459.35
9206,Photobean,8 Marcy Way,Jiḩānah,Rocky McTerrelly,2,16755.79
9207,Brainbox,92639 Ramsey Crossing,Shixi,Agathe Andryushin,2,27440.37
9208,Wordify,4 Aberg Point,Az Zuwaytīnah,Lauryn Elvey,4,30000.72
9209,Skimia,61614 Kingsford Plaza,Beizhang,Riordan Ollie,1,15700.52
9210,Plajo,0 Declaration Court,Huibu,Rossy Frankcom,2,12224.84
9211,Skipfire,81260 Blaine Point,Heyin,Artie Balhatchet,2,14174.55
9212,Tagpad,9611 Dorton Center,Chaoyangdong,Anita Thaim,4,22.14
9213,Vimbo,2946 Clove Alley,Springbok,Shauna Erswell,5,18113.37
9214,Mybuzz,4425 Gulseth Center,Sanhe,Fredrika Barkway,2,27923.02
9215,Gigaclub,4218 Buell Street,Yifaquan,Jaquenetta Robken,1,15570.64
9216,Aibox,990 Montana Street,Yuyao,Krysta Dransfield,3,32383.06
9217,Topiczoom,45 Haas Court,Awjilah,Zenia Huyhton,5,488.62
9218,Divanoodle,4 Elmside Street,Qiting,Corene Coade,1,29239.36
9219,Roodel,1780 5th Place,Bastos,Mischa Dy,2,10583.61
9220,Shufflebeat,02205 Mcbride Crossing,Caldas da Rainha,Roderich Deegin,1,17666.2
9221,Skinte,79931 Dwight Parkway,Motegi,Vern Alibone,5,12957.84
9222,Ooba,69 Grasskamp Point,Czarnowąsy,Celestine Grestie,0,21376.96
9223,Brainbox,0509 Artisan Avenue,Posedarje,Willdon Bengtsson,4,26785.46
9224,Meeveo,29 Carberry Street,Itabaiana,Rozalie McVey,4,3597.76
9225,Lazzy,2 Dwight Trail,Outokumpu,Sanson Burges,1,10855.79
9226,Centimia,464 Fairfield Terrace,Malumfashi,Clovis Beers,5,5183.33
9227,Roombo,58 Cordelia Court,Ylöjärvi,Jess Harrill,3,17949.48
9228,Photospace,9 Rutledge Way,Chaowai,Cesare Filde,2,12583.59
9229,Avavee,3 Hollow Ridge Plaza,Tapado,Gretal MacSherry,1,33299.39
9230,Gabcube,50 Summer Ridge Point,San Jose,Jonell Reihm,4,23927.64
9231,Linkbridge,84303 Lindbergh Pass,Atarodangwautu,Dallas Kleisel,2,17985.47
9232,BlogXS,5 Menomonie Place,Loket,Egbert Crosdill,2,34200.22
9233,InnoZ,784 Montana Pass,Sunzhuang,Reeba Bruhnsen,3,33662.98
9234,Wikibox,42 Packers Street,Riebiņi,Lexi Spellworth,3,29687.11
9235,Abata,72 Fieldstone Avenue,Tuam,Jayme Temprell,1,35428.41
9236,Mycat,17 Glacier Hill Circle,Njivice,Merle Mosen,3,22585.56
9237,LiveZ,71 Waxwing Junction,Mancilang,Worthington Taill,3,31318.33
9238,Skippad,42386 Buell Way,Valencia,Jandy Echelle,3,27335.18
9239,Cogibox,54 Delaware Terrace,Saint Louis,Kermit Novis,4,11362.63
9240,Dynava,59762 Twin Pines Point,Jianggao,Fanchon Scneider,5,9800.81
9241,Realmix,89001 Hanover Plaza,Ganjaran,Teodoro Beauchop,0,7268.55
9242,Thoughtworks,31127 Shasta Way,Kuz’minskiye Otverzhki,Bertram Iacovacci,4,32923.41
9243,Cogidoo,66 Acker Circle,Qiaotou,Lindon Heady,5,15427.43
9244,Dazzlesphere,115 Cambridge Place,Próchoma,Gan Graffin,1,31098.91
9245,Jaxspan,1368 Anhalt Lane,Ushi,Merralee Trodden,1,34628.91
9246,Yombu,94132 Goodland Crossing,Funchalinho,Luke Learman,2,39638.67
9247,Realpoint,76 Manley Lane,Huandiqiao,Elinor Mapledoram,0,8326.96
9248,Flashdog,69 Kedzie Parkway,Smyków,Annecorinne Spatoni,5,18719.33
9249,Skinder,9193 Meadow Vale Plaza,Anding,Seward Baudains,3,1169.87
9250,Livepath,3183 Autumn Leaf Circle,Osvaldo Cruz,Nickolai Kinkead,5,19138.38
9251,Skidoo,52 Hallows Road,Ntungamo,Iggy Quaintance,3,30522.98
9252,Dabjam,7272 Bowman Crossing,Norrahammar,Lucio Hulburt,5,14340.34
9253,Linkbuzz,1 Sage Park,Pulo,Sarina Cargen,2,14264.77
9254,Eazzy,229 Duke Pass,Plovdiv,Michele Sheen,4,1937.34
9255,Eabox,305 Cody Junction,Selat,Kerri Huitt,2,1446.67
9256,Kwideo,91608 New Castle Lane,Diriamba,Dorene Spurway,0,38185.22
9257,Youbridge,3692 Hanson Lane,Aygezard,Gerta Mushet,3,27737.32
9258,Avaveo,961 Sutteridge Park,Ciawitali,Keelby Pembery,4,30863.46
9259,Topicshots,28726 Briar Crest Place,Yanmen,Kay Grain,3,4354.87
9260,Skipfire,286 Fulton Lane,Castanheira,Renard Lambshine,4,13200.44
9261,Meezzy,6421 South Hill,Blarney,Bruis Burnitt,1,13377.7
9262,Wordware,539 Larry Trail,Katrineholm,Inger Hafner,2,6719.81
9263,Einti,6569 Melby Way,Lanas,Vanya Wragg,1,37202.31
9264,Innotype,5660 Almo Plaza,Sukamulya,Alyss Northwood,5,1322.01
9265,Shufflebeat,34 Bellgrove Park,Miragaia,Husein Hughland,2,38020.48
9266,Twinte,85 Ridgeway Pass,Martaban,Harrietta Prattin,4,31511.59
9267,BlogXS,046 Eagle Crest Road,Surulangun Rawas,Merissa Fuentez,2,8406.26
9268,Eabox,34 Pennsylvania Hill,Bancal,Patience Leet,2,11523.92
9269,Feednation,49460 Randy Court,Tucaní,Barbette Von Der Empten,5,21073.87
9270,Jamia,25098 Cherokee Lane,Ořechov,Tiler Berns,0,32394.41
9271,Quatz,97 Dapin Crossing,Gaoqiao,Mitchel Paulo,4,16083.06
9272,Zoonder,49643 Blue Bill Park Road,Pensacola,Melody McClancy,4,32210.69
9273,Trilith,9014 Ludington Hill,Hegeng,Claretta Statefield,1,38639.18
9274,Yata,1846 Quincy Plaza,Lemland,Etan Elverston,1,7076.27
9275,Voonix,53 Burning Wood Park,Comapa,Vernen Milmith,2,36197.46
9276,Avaveo,3 Knutson Parkway,Sundawenang,Edmon Fallanche,1,26921.63
9277,Demivee,9 Summit Parkway,Kacangan Lor,Clementius Oultram,5,27804.81
9278,Wordtune,32 Anniversary Pass,Songkan,Robbie Sturm,2,14049.03
9279,Yambee,30024 Jay Pass,Padabeunghar,Eduino Dethloff,2,136.61
9280,Fliptune,943 Sachs Plaza,Kelburn,Mario Bennit,5,29177.06
9281,Gabcube,37959 Barnett Circle,Weton,Kaspar Deniske,2,30235.3
9282,Realmix,726 Portage Street,Unisław,Gael Brumbye,3,2332.39
9283,Oodoo,1361 Hanson Trail,Guanlu,Cherry Schimke,4,17531.72
9284,Tagtune,81997 Anzinger Place,Sungai Nyamuk,Ginevra Danshin,4,14199.28
9285,Gabtype,80829 Stang Lane,Bijeli,Tawnya Carletti,2,30406.97
9286,Zazio,67199 Scoville Parkway,Gushi,Calida Aseef,1,31936.29
9287,Browseblab,09 Tennyson Street,Wenquan,Francesca Simcox,0,11164.52
9288,Skinder,32594 Barby Terrace,Ihuari,Gianni Eplate,3,31451.06
9289,Livetube,91515 Caliangt Parkway,Xilaiqiao,Iosep Dowthwaite,1,37284.29
9290,Dynabox,23 Golf Junction,Jacareí,Kipper Plane,0,1171.03
9291,Roombo,3 Kropf Trail,Suwangi Utara,Hartley Denyagin,3,916.11
9292,Zoozzy,9 Bayside Trail,Xinfeng,Tybalt Wennington,3,15031.18
9293,Topicblab,176 Raven Drive,Wieczfnia Kościelna,Hy Gibbings,1,23975.08
9294,Meejo,90 Victoria Pass,Sangar Sarāy,Jaquenette Ales0,4,17447.71
9295,Babbleblab,8 Drewry Street,Kafr Nubl,Amabelle Castelijn,1,16505.47
9296,Eimbee,22 Southridge Plaza,New Haven,Asia Huxham,3,39541.05
9297,Kwimbee,1 Homewood Plaza,Szeged,Westbrooke Crinidge,5,21609.88
9298,Shuffledrive,9 Graedel Plaza,Tapan,Lorene Shilito,0,36564.68
9299,Mydo,89103 Bartelt Center,Trafaria,Tamarra Geraudel,3,35437.96
9300,Twiyo,72092 Fallview Circle,Tando Muhammad Khān,Wayne Hollier,4,32701.41
9301,Feedspan,37 Messerschmidt Place,Jiaze,Adella Sher,0,20993.53
9302,Centizu,6 David Plaza,Pskov,Dotty Straughan,1,20859.46
9303,Yoveo,84 Summer Ridge Place,Zolotkovo,Thom Harrop,3,19748.06
9304,Dynava,3 Old Gate Parkway,Vovchans’k,Selie Marklund,2,32322.82
9305,Yadel,4 Quincy Crossing,Sikonge,Aigneis Errichi,2,16068.74
9306,LiveZ,6521 Longview Park,Ciénega,Sandra Spata,4,12509.22
9307,Roombo,37907 Grayhawk Lane,Seixal,Leshia Lamblot,1,11582.88
9308,Skinder,79 Del Mar Center,Anshan,Tam Roth,0,35087.15
9309,LiveZ,1406 Eagan Junction,Sighnaghi,Hendrika Runchman,4,17289.41
9310,Kwilith,8 Cody Street,Irahuan,Dave Cake,2,20172.24
9311,Skyvu,6 Oriole Alley,Weizhou,Derk Melmoth,1,21976
9312,Lazz,04 Schurz Drive,Daojiang,Ethelin Stokes,2,20017.04
9313,Thoughtstorm,4036 Novick Point,Téra,Grover Bigham,1,32005.27
9314,Gigashots,96132 Namekagon Pass,San Gregorio,Cristabel Huikerby,4,8802.87
9315,Trilia,71 Loomis Plaza,Koímisi,Ruggiero Round,4,16216.67
9316,Youfeed,7149 Pennsylvania Crossing,Loo,Kristin Toye,2,5260.35
9317,Edgepulse,8279 Warbler Way,Thị Trấn Phong Thổ,Charline Abilowitz,0,33317.39
9318,Digitube,00604 Bartillon Place,La Playosa,Gaile Slayford,5,2870.79
9319,Ntag,381 Alpine Trail,Tawau,Llewellyn Lapenna,1,1380.61
9320,Livetube,0208 Luster Way,Melíki,Benson Willshere,5,9764.17
9321,Mita,294 Chive Road,Encañada,Junia Deveril,0,32185.97
9322,Zoovu,62 Texas Parkway,Quezaltepeque,Elene Blasl,1,4499.13
9323,Kwinu,5704 Thierer Plaza,Seattle,Yetty Comben,2,18044.15
9324,Devshare,7798 Bobwhite Center,Kusak,Ray MacAskie,5,10913.45
9325,Rhyloo,858 Lakewood Park,Nyaunglebin,Enoch Ducrow,2,15749.85
9326,Dablist,510 Towne Road,Luqiao,Binnie Chamberlen,2,15143.98
9327,Buzzbean,60385 Kipling Pass,Xianghua,Elisabet Measey,3,15175.28
9328,Camimbo,4285 Onsgard Hill,Ognevka,Chet Stuttard,4,8115.99
9329,Livetube,77537 Lien Court,Battambang,Nadeen Zarb,2,28287.16
9330,Miboo,6223 Graceland Pass,Yongjiahe,Sybila Rosewarne,1,21562.08
9331,Photofeed,4 Schmedeman Center,Whistler,Gilberto Goudman,0,4917.7
9332,Jetpulse,8 Northland Plaza,Taoyuan,Sophie Pringley,1,37126.98
9333,Dabtype,0981 Ridge Oak Drive,Al Muwayh,Wain Sarver,1,21468.08
9334,Skynoodle,79908 Fieldstone Point,Nouakchott,Francisca Advani,3,19167.37
9335,Vinder,24 Summer Ridge Point,Fukuroi,Jerad Mintram,1,6326.57
9336,Voolith,9095 Birchwood Avenue,Ingå,Giff Lankham,3,1832.93
9337,Gabcube,0 Green Drive,Sevilla,Ricki Knath,4,34793.92
9338,Skippad,0 Mayer Crossing,Xiaping,Anni Jessen,3,35986.49
9339,Flashset,8141 Loomis Plaza,Novosheshminsk,Nert Gauntlett,5,35848.05
9340,Youfeed,241 Bunting Center,San Gregorio,Violante Pedwell,2,37783.33
9341,Twiyo,5556 Weeping Birch Hill,Binubusan,Chaim Shedden,2,2656.33
9342,Yotz,4258 Bunting Park,Bakulong,Catherina Labrenz,2,30635.1
9343,Buzzster,92090 Dunning Drive,Damu,Orren Margett,4,2031.42
9344,Meeveo,17 Straubel Circle,Glan,Toinette Culpan,2,21306.34
